CountryCode,iyear,nkill,nattacks
AFG,1973,0.0,1
AFG,1979,53.0,3
AFG,1987,0.0,1
AFG,1988,128.0,11
AFG,1989,10.0,10
AFG,1990,12.0,2
AFG,1991,68.0,30
AFG,1992,49.0,36
AFG,1994,22.0,9
AFG,1995,5.0,6
AFG,1996,31.0,4
AFG,1997,4.0,1
AFG,1998,8.0,1
AFG,1999,39.0,9
AFG,2000,38.0,14
AFG,2001,174.0,14
AFG,2002,74.0,38
AFG,2003,163.0,100
AFG,2004,275.0,88
AFG,2005,367.0,155
AFG,2006,736.0,283
AFG,2007,1201.0,342
AFG,2008,1092.0,414
AFG,2009,1065.0,503
AFG,2010,1157.0,542
AFG,2011,1525.0,421
AFG,2012,3521.0,1469
AFG,2013,3709.0,1443
AFG,2014,5414.0,1824
AFG,2015,6216.0,1928
AFG,2016,6141.0,1616
AFG,2017,6095.0,1415
AFG,2018,9812.0,1776
AFG,2019,8249.0,1804
AGO,1977,0.0,1
AGO,1978,0.0,2
AGO,1979,19.0,3
AGO,1981,3.0,1
AGO,1982,2.0,2
AGO,1983,282.0,7
AGO,1984,179.0,11
AGO,1985,6.0,6
AGO,1986,119.0,5
AGO,1987,5.0,3
AGO,1988,145.0,12
AGO,1989,88.0,12
AGO,1990,147.0,205
AGO,1991,69.0,16
AGO,1992,97.0,50
AGO,1994,108.0,9
AGO,1995,52.0,10
AGO,1996,18.0,4
AGO,1997,34.0,7
AGO,1998,275.0,20
AGO,1999,299.0,34
AGO,2000,178.0,22
AGO,2001,846.0,40
AGO,2002,59.0,6
AGO,2009,2.0,1
AGO,2010,4.0,2
AGO,2016,0.0,2
AGO,2017,7.0,6
AGO,2019,5.0,1
ALB,1981,0.0,1
ALB,1990,0.0,1
ALB,1991,0.0,1
ALB,1992,1.0,3
ALB,1994,1.0,2
ALB,1996,7.0,6
ALB,1997,26.0,41
ALB,1998,0.0,7
ALB,1999,6.0,3
ALB,2000,0.0,2
ALB,2001,0.0,1
ALB,2003,0.0,1
ALB,2009,0.0,1
ALB,2013,0.0,1
ALB,2014,1.0,2
ALB,2015,0.0,4
ALB,2016,0.0,2
ALB,2017,0.0,1
ALB,2019,0.0,1
AND,1974,0.0,1
ARE,1974,1.0,1
ARE,1977,1.0,1
ARE,1978,5.0,1
ARE,1979,0.0,2
ARE,1980,1.0,1
ARE,1981,2.0,3
ARE,1983,111.0,1
ARE,1985,0.0,2
ARE,1986,0.0,1
ARE,1989,1.0,1
ARE,1992,0.0,1
ARE,1995,0.0,2
ARE,2010,0.0,2
ARE,2013,0.0,1
ARE,2014,1.0,2
ARG,1970,5.0,21
ARG,1971,5.0,7
ARG,1972,5.0,20
ARG,1973,16.0,60
ARG,1974,21.0,71
ARG,1975,123.0,38
ARG,1976,122.0,54
ARG,1977,7.0,17
ARG,1978,13.0,25
ARG,1979,11.0,16
ARG,1980,0.0,6
ARG,1981,0.0,2
ARG,1982,1.0,9
ARG,1983,1.0,18
ARG,1984,1.0,46
ARG,1985,2.0,43
ARG,1986,2.0,33
ARG,1987,3.0,80
ARG,1988,1.0,33
ARG,1989,26.0,32
ARG,1990,1.0,31
ARG,1991,1.0,27
ARG,1992,33.0,41
ARG,1994,86.0,14
ARG,1995,0.0,16
ARG,1996,1.0,19
ARG,1997,3.0,11
ARG,1999,0.0,1
ARG,2001,0.0,2
ARG,2003,0.0,1
ARG,2005,0.0,3
ARG,2009,0.0,1
ARG,2010,0.0,5
ARG,2011,0.0,1
ARG,2012,0.0,2
ARG,2013,0.0,2
ARG,2014,0.0,1
ARG,2015,0.0,1
ARG,2016,0.0,2
ARG,2017,0.0,3
ARG,2018,0.0,5
ARG,2019,2.0,1
ARM,1991,0.0,1
ARM,1992,2.0,2
ARM,1994,15.0,4
ARM,1995,2.0,1
ARM,1996,2.0,1
ARM,1998,0.0,2
ARM,1999,8.0,2
ARM,2000,0.0,2
ARM,2001,1.0,2
ARM,2007,0.0,1
ARM,2009,1.0,1
ARM,2013,0.0,1
ARM,2015,0.0,2
ARM,2016,6.0,2
ARM,2018,0.0,1
ATG,1992,0.0,1
AUS,1970,0.0,1
AUS,1971,0.0,1
AUS,1972,1.0,8
AUS,1974,0.0,1
AUS,1978,2.0,2
AUS,1979,0.0,2
AUS,1980,2.0,6
AUS,1981,1.0,1
AUS,1982,0.0,2
AUS,1986,1.0,2
AUS,1988,0.0,3
AUS,1989,0.0,2
AUS,1991,0.0,4
AUS,1992,1.0,4
AUS,1994,3.0,9
AUS,1995,0.0,5
AUS,1996,2.0,5
AUS,1997,0.0,4
AUS,1998,0.0,6
AUS,2000,0.0,1
AUS,2001,0.0,2
AUS,2006,0.0,2
AUS,2008,0.0,1
AUS,2009,0.0,1
AUS,2010,0.0,1
AUS,2013,0.0,1
AUS,2014,4.0,8
AUS,2015,2.0,12
AUS,2016,0.0,9
AUS,2017,4.0,4
AUS,2018,2.0,3
AUS,2019,0.0,2
AUT,1972,4.0,7
AUT,1973,0.0,2
AUT,1974,0.0,1
AUT,1975,4.0,2
AUT,1976,0.0,4
AUT,1977,1.0,5
AUT,1978,0.0,1
AUT,1979,0.0,5
AUT,1980,0.0,2
AUT,1981,3.0,3
AUT,1982,0.0,11
AUT,1984,2.0,4
AUT,1985,4.0,4
AUT,1986,0.0,4
AUT,1987,0.0,4
AUT,1988,0.0,1
AUT,1989,3.0,2
AUT,1990,0.0,1
AUT,1991,0.0,3
AUT,1992,0.0,8
AUT,1994,0.0,5
AUT,1995,6.0,12
AUT,1996,0.0,4
AUT,1997,0.0,1
AUT,1998,0.0,1
AUT,2006,0.0,1
AUT,2007,0.0,1
AUT,2008,0.0,7
AUT,2009,1.0,3
AUT,2011,0.0,1
AUT,2013,0.0,1
AUT,2016,0.0,3
AUT,2017,2.0,1
AUT,2018,1.0,1
AZE,1991,26.0,3
AZE,1992,186.0,12
AZE,1994,30.0,11
AZE,1995,0.0,2
AZE,1996,2.0,2
AZE,1997,1.0,1
AZE,2000,0.0,1
AZE,2001,1.0,4
AZE,2002,0.0,1
AZE,2007,0.0,1
AZE,2008,5.0,2
AZE,2009,1.0,2
AZE,2014,0.0,3
AZE,2016,1.0,2
AZE,2017,5.0,2
AZE,2018,0.0,1
BDI,1991,117.0,7
BDI,1992,61.0,2
BDI,1994,265.0,16
BDI,1995,583.0,83
BDI,1996,1371.0,35
BDI,1997,386.0,79
BDI,1998,392.0,13
BDI,1999,108.0,13
BDI,2000,97.0,17
BDI,2001,166.0,37
BDI,2002,67.0,18
BDI,2003,116.0,18
BDI,2004,18.0,1
BDI,2005,13.0,5
BDI,2006,21.0,5
BDI,2007,3.0,3
BDI,2008,28.0,7
BDI,2010,14.0,29
BDI,2011,47.0,8
BDI,2012,6.0,4
BDI,2013,5.0,2
BDI,2014,4.0,5
BDI,2015,223.0,102
BDI,2016,74.0,83
BDI,2017,20.0,21
BDI,2018,36.0,10
BDI,2019,25.0,6
BEL,1970,0.0,1
BEL,1972,0.0,4
BEL,1973,0.0,1
BEL,1974,0.0,5
BEL,1976,0.0,1
BEL,1977,0.0,1
BEL,1978,1.0,8
BEL,1979,1.0,8
BEL,1980,2.0,8
BEL,1981,6.0,6
BEL,1982,0.0,1
BEL,1983,2.0,8
BEL,1984,0.0,10
BEL,1985,10.0,21
BEL,1986,0.0,3
BEL,1987,1.0,1
BEL,1988,1.0,5
BEL,1989,4.0,7
BEL,1990,2.0,2
BEL,1991,1.0,6
BEL,1992,1.0,9
BEL,1994,0.0,5
BEL,1995,0.0,1
BEL,1997,4.0,2
BEL,1998,0.0,3
BEL,1999,0.0,2
BEL,2002,0.0,3
BEL,2003,0.0,8
BEL,2007,0.0,1
BEL,2009,0.0,1
BEL,2012,1.0,1
BEL,2014,4.0,2
BEL,2016,36.0,6
BEL,2017,2.0,3
BEL,2018,4.0,3
BEL,2019,0.0,1
BEN,1992,0.0,1
BEN,1994,0.0,3
BEN,1995,0.0,1
BEN,1996,0.0,2
BEN,2007,0.0,1
BEN,2019,1.0,1
BFA,1984,1.0,1
BFA,1991,1.0,2
BFA,2013,1.0,1
BFA,2015,16.0,6
BFA,2016,62.0,10
BFA,2017,53.0,32
BFA,2018,116.0,72
BFA,2019,804.0,160
BGD,1977,0.0,1
BGD,1979,0.0,1
BGD,1980,6.0,1
BGD,1981,6.0,1
BGD,1982,0.0,1
BGD,1984,1.0,1
BGD,1985,0.0,1
BGD,1986,54.0,11
BGD,1987,26.0,6
BGD,1988,87.0,36
BGD,1989,131.0,36
BGD,1990,66.0,22
BGD,1991,69.0,42
BGD,1992,101.0,76
BGD,1994,30.0,68
BGD,1995,35.0,74
BGD,1996,89.0,161
BGD,1997,14.0,17
BGD,1998,0.0,2
BGD,1999,30.0,11
BGD,2000,11.0,23
BGD,2001,57.0,15
BGD,2002,21.0,5
BGD,2003,3.0,4
BGD,2004,43.0,11
BGD,2005,44.0,23
BGD,2006,19.0,23
BGD,2007,1.0,9
BGD,2008,9.0,19
BGD,2009,18.0,27
BGD,2010,15.0,22
BGD,2011,9.0,13
BGD,2012,8.0,18
BGD,2013,16.0,139
BGD,2014,38.0,130
BGD,2015,86.0,469
BGD,2016,76.0,89
BGD,2017,25.0,41
BGD,2018,13.0,33
BGD,2019,16.0,32
BGR,1982,2.0,2
BGR,1984,0.0,1
BGR,1990,0.0,5
BGR,1991,0.0,3
BGR,1992,0.0,2
BGR,1994,1.0,2
BGR,1995,3.0,2
BGR,1996,9.0,12
BGR,1997,0.0,3
BGR,1998,0.0,2
BGR,1999,0.0,1
BGR,2000,4.0,2
BGR,2001,0.0,1
BGR,2002,1.0,1
BGR,2008,0.0,2
BGR,2011,0.0,2
BGR,2012,8.0,2
BGR,2013,0.0,3
BGR,2014,0.0,1
BGR,2015,0.0,2
BGR,2016,0.0,1
BGR,2018,0.0,1
BHR,1979,0.0,1
BHR,1980,0.0,1
BHR,1991,1.0,1
BHR,1994,0.0,1
BHR,1995,1.0,8
BHR,1996,8.0,16
BHR,1997,5.0,11
BHR,2003,0.0,1
BHR,2006,0.0,1
BHR,2008,1.0,1
BHR,2010,0.0,2
BHR,2011,0.0,1
BHR,2012,4.0,26
BHR,2013,3.0,52
BHR,2014,9.0,42
BHR,2015,5.0,18
BHR,2016,1.0,3
BHR,2017,6.0,21
BHR,2018,0.0,1
BHS,1976,0.0,1
BHS,1981,0.0,1
BHS,1997,1.0,2
BHS,2013,0.0,1
BIH,1992,55.0,22
BIH,1994,3.0,9
BIH,1995,2.0,6
BIH,1996,2.0,33
BIH,1997,5.0,42
BIH,1998,2.0,9
BIH,1999,1.0,5
BIH,2000,1.0,6
BIH,2001,0.0,2
BIH,2002,0.0,3
BIH,2003,0.0,1
BIH,2005,0.0,1
BIH,2006,0.0,1
BIH,2007,1.0,2
BIH,2008,2.0,4
BIH,2009,0.0,1
BIH,2010,1.0,1
BIH,2011,0.0,1
BIH,2013,0.0,1
BIH,2014,0.0,3
BIH,2015,4.0,6
BIH,2018,0.0,2
BLR,1994,0.0,1
BLR,1997,1.0,2
BLR,1999,0.0,1
BLR,2001,0.0,1
BLR,2006,0.0,1
BLR,2008,0.0,1
BLR,2010,0.0,2
BLR,2011,13.0,1
BLR,2012,0.0,3
BLZ,1980,0.0,1
BLZ,1991,2.0,3
BLZ,1992,1.0,2
BLZ,2000,0.0,1
BLZ,2013,0.0,1
BOL,1970,0.0,1
BOL,1971,0.0,2
BOL,1974,0.0,1
BOL,1976,0.0,1
BOL,1977,0.0,1
BOL,1978,0.0,3
BOL,1979,0.0,14
BOL,1980,11.0,35
BOL,1981,1.0,5
BOL,1982,0.0,27
BOL,1983,0.0,27
BOL,1984,1.0,14
BOL,1985,0.0,13
BOL,1986,1.0,4
BOL,1987,1.0,14
BOL,1988,2.0,11
BOL,1989,2.0,40
BOL,1990,6.0,11
BOL,1991,7.0,28
BOL,1992,5.0,38
BOL,1994,1.0,8
BOL,1995,0.0,2
BOL,1996,0.0,1
BOL,1997,4.0,4
BOL,2003,0.0,1
BOL,2005,0.0,1
BOL,2007,0.0,3
BOL,2009,0.0,3
BOL,2012,0.0,1
BOL,2018,12.0,2
BOL,2019,0.0,1
BRA,1970,2.0,6
BRA,1971,0.0,3
BRA,1972,0.0,3
BRA,1973,0.0,2
BRA,1976,0.0,5
BRA,1977,0.0,1
BRA,1978,1.0,5
BRA,1979,4.0,6
BRA,1980,19.0,19
BRA,1981,2.0,11
BRA,1982,27.0,4
BRA,1983,0.0,8
BRA,1984,0.0,5
BRA,1985,0.0,1
BRA,1986,14.0,3
BRA,1987,0.0,1
BRA,1988,0.0,2
BRA,1989,1.0,5
BRA,1990,3.0,7
BRA,1991,12.0,24
BRA,1992,28.0,24
BRA,1994,15.0,19
BRA,1995,13.0,23
BRA,1996,22.0,18
BRA,1997,28.0,39
BRA,1998,0.0,2
BRA,1999,1.0,1
BRA,2000,0.0,2
BRA,2001,1.0,3
BRA,2002,0.0,1
BRA,2003,0.0,1
BRA,2006,1.0,3
BRA,2012,1.0,1
BRA,2013,2.0,3
BRA,2014,2.0,3
BRA,2015,3.0,5
BRA,2016,1.0,2
BRA,2017,0.0,2
BRA,2018,10.0,11
BRA,2019,2.0,3
BRB,1976,73.0,2
BRB,1992,3.0,1
BRN,1972,0.0,5
BRN,1992,0.0,1
BTN,2006,4.0,1
BTN,2008,5.0,3
BTN,2011,0.0,1
BTN,2014,0.0,1
BWA,1974,1.0,1
BWA,1985,0.0,1
BWA,1987,3.0,1
BWA,1988,1.0,3
BWA,1989,0.0,2
BWA,1990,6.0,1
BWA,1995,0.0,1
CAF,1981,3.0,1
CAF,1986,0.0,1
CAF,1991,3.0,4
CAF,1992,1.0,1
CAF,1994,2.0,1
CAF,1996,2.0,1
CAF,2000,1.0,1
CAF,2001,7.0,1
CAF,2006,4.0,1
CAF,2007,1.0,1
CAF,2008,1.0,2
CAF,2009,38.0,5
CAF,2010,46.0,13
CAF,2011,35.0,3
CAF,2012,14.0,4
CAF,2013,121.0,21
CAF,2014,751.0,94
CAF,2015,171.0,49
CAF,2016,189.0,38
CAF,2017,601.0,43
CAF,2018,227.0,46
CAF,2019,116.0,15
CAN,1970,1.0,2
CAN,1972,1.0,4
CAN,1974,0.0,1
CAN,1980,0.0,3
CAN,1982,1.0,5
CAN,1983,0.0,1
CAN,1985,331.0,3
CAN,1986,0.0,2
CAN,1989,15.0,1
CAN,1992,0.0,3
CAN,1994,0.0,4
CAN,1995,1.0,5
CAN,1996,0.0,1
CAN,1997,0.0,2
CAN,1998,1.0,4
CAN,1999,0.0,2
CAN,2000,0.0,5
CAN,2004,0.0,2
CAN,2006,0.0,2
CAN,2008,0.0,5
CAN,2009,0.0,4
CAN,2010,0.0,2
CAN,2012,0.0,3
CAN,2013,0.0,4
CAN,2014,7.0,3
CAN,2015,0.0,5
CAN,2016,1.0,6
CAN,2017,6.0,16
CAN,2018,13.0,7
CAN,2019,0.0,5
CHE,1970,47.0,3
CHE,1971,0.0,1
CHE,1972,0.0,3
CHE,1973,0.0,2
CHE,1974,0.0,3
CHE,1975,0.0,3
CHE,1976,0.0,4
CHE,1977,0.0,4
CHE,1978,0.0,3
CHE,1979,1.0,6
CHE,1980,0.0,7
CHE,1981,2.0,13
CHE,1982,0.0,6
CHE,1983,0.0,3
CHE,1984,0.0,1
CHE,1985,0.0,7
CHE,1987,1.0,1
CHE,1988,0.0,4
CHE,1990,1.0,1
CHE,1991,0.0,2
CHE,1992,6.0,6
CHE,1995,1.0,5
CHE,1996,1.0,4
CHE,1997,0.0,1
CHE,1998,0.0,1
CHE,1999,0.0,2
CHE,2000,0.0,4
CHE,2001,14.0,2
CHE,2003,0.0,1
CHE,2007,0.0,2
CHE,2011,0.0,3
CHE,2013,0.0,2
CHE,2016,0.0,2
CHE,2018,0.0,1
CHE,2019,0.0,1
CHL,1973,0.0,7
CHL,1976,0.0,2
CHL,1977,0.0,6
CHL,1978,0.0,8
CHL,1979,6.0,49
CHL,1980,6.0,41
CHL,1981,19.0,34
CHL,1982,2.0,21
CHL,1983,15.0,106
CHL,1984,37.0,563
CHL,1985,30.0,232
CHL,1986,22.0,243
CHL,1987,9.0,173
CHL,1988,19.0,185
CHL,1989,19.0,146
CHL,1990,8.0,161
CHL,1991,16.0,127
CHL,1992,12.0,116
CHL,1994,0.0,15
CHL,1995,1.0,17
CHL,1996,2.0,8
CHL,1997,0.0,6
CHL,1998,0.0,1
CHL,1999,0.0,3
CHL,2000,0.0,2
CHL,2001,0.0,3
CHL,2002,0.0,1
CHL,2003,0.0,2
CHL,2006,0.0,1
CHL,2007,0.0,8
CHL,2008,0.0,4
CHL,2009,0.0,8
CHL,2010,0.0,5
CHL,2011,0.0,6
CHL,2012,0.0,2
CHL,2013,2.0,5
CHL,2014,1.0,17
CHL,2015,0.0,1
CHL,2016,2.0,18
CHL,2017,0.0,17
CHL,2018,0.0,47
CHL,2019,0.0,27
CHN,1989,20.0,3
CHN,1990,2.0,1
CHN,1991,0.0,1
CHN,1992,9.0,5
CHN,1994,18.0,13
CHN,1995,6.0,8
CHN,1996,23.0,62
CHN,1997,37.0,18
CHN,1998,50.0,2
CHN,1999,5.0,2
CHN,2000,1.0,4
CHN,2001,7.0,12
CHN,2002,1.0,2
CHN,2003,1.0,3
CHN,2004,4.0,2
CHN,2005,12.0,1
CHN,2008,39.0,20
CHN,2009,186.0,7
CHN,2010,7.0,1
CHN,2011,19.0,4
CHN,2012,27.0,4
CHN,2013,60.0,12
CHN,2014,322.0,37
CHN,2015,123.0,17
CHN,2016,13.0,5
CHN,2017,16.0,6
CHN,2018,2.0,1
CHN,2019,0.0,13
CIV,1992,1.0,3
CIV,1994,5.0,2
CIV,1995,40.0,7
CIV,1996,5.0,2
CIV,1997,0.0,1
CIV,2000,4.0,2
CIV,2001,12.0,1
CIV,2002,3.0,1
CIV,2004,12.0,1
CIV,2005,41.0,1
CIV,2006,20.0,3
CIV,2007,0.0,1
CIV,2010,10.0,7
CIV,2011,23.0,3
CIV,2012,45.0,16
CIV,2013,4.0,4
CIV,2014,4.0,1
CIV,2015,14.0,4
CIV,2016,22.0,1
CIV,2017,3.0,13
CIV,2018,2.0,2
CIV,2019,0.0,1
CMR,1991,36.0,4
CMR,1992,6.0,6
CMR,1994,33.0,6
CMR,1995,5.0,2
CMR,1998,0.0,1
CMR,2007,31.0,1
CMR,2008,3.0,1
CMR,2009,0.0,1
CMR,2010,5.0,3
CMR,2011,4.0,3
CMR,2013,7.0,3
CMR,2014,789.0,68
CMR,2015,931.0,83
CMR,2016,269.0,58
CMR,2017,244.0,111
CMR,2018,296.0,236
CMR,2019,318.0,146
COD,1972,0.0,3
COD,1973,0.0,1
COD,1977,1.0,1
COD,1984,2.0,3
COD,1988,28.0,1
COD,1991,3.0,6
COD,1992,10.0,5
COD,1994,1.0,6
COD,1995,43.0,6
COD,1996,223.0,13
COD,1997,21.0,6
COD,1998,67.0,4
COD,1999,7.0,3
COD,2000,40.0,3
COD,2001,15.0,5
COD,2002,16.0,7
COD,2003,154.0,6
COD,2004,22.0,5
COD,2005,31.0,5
COD,2006,23.0,5
COD,2007,72.0,11
COD,2008,319.0,20
COD,2009,824.0,54
COD,2010,118.0,18
COD,2011,50.0,16
COD,2012,288.0,25
COD,2013,150.0,22
COD,2014,366.0,110
COD,2015,371.0,143
COD,2016,532.0,169
COD,2017,596.0,143
COD,2018,993.0,163
COD,2019,642.0,250
COG,1972,0.0,1
COG,1977,0.0,2
COG,1982,15.0,1
COG,1990,0.0,1
COG,1994,12.0,8
COG,1996,0.0,1
COG,1997,2.0,2
COG,1999,107.0,3
COG,2001,0.0,1
COG,2002,17.0,3
COG,2003,11.0,1
COG,2013,2.0,1
COG,2016,31.0,15
COL,1970,0.0,1
COL,1972,1.0,2
COL,1973,0.0,6
COL,1975,7.0,10
COL,1976,10.0,22
COL,1977,38.0,80
COL,1978,71.0,158
COL,1979,156.0,140
COL,1980,159.0,141
COL,1981,365.0,172
COL,1982,368.0,222
COL,1983,437.0,234
COL,1984,485.0,237
COL,1985,935.0,382
COL,1986,771.0,307
COL,1987,655.0,337
COL,1988,1096.0,427
COL,1989,751.0,492
COL,1990,694.0,349
COL,1991,742.0,420
COL,1992,631.0,523
COL,1994,218.0,201
COL,1995,521.0,123
COL,1996,611.0,409
COL,1997,1230.0,598
COL,1998,592.0,94
COL,1999,262.0,116
COL,2000,426.0,137
COL,2001,576.0,207
COL,2002,356.0,150
COL,2003,184.0,98
COL,2004,83.0,37
COL,2005,145.0,42
COL,2006,79.0,43
COL,2007,64.0,30
COL,2008,85.0,133
COL,2009,107.0,139
COL,2010,56.0,136
COL,2011,43.0,94
COL,2012,168.0,115
COL,2013,136.0,149
COL,2014,143.0,231
COL,2015,104.0,136
COL,2016,52.0,110
COL,2017,84.0,119
COL,2018,132.0,205
COL,2019,134.0,228
COM,1992,1.0,1
COM,1994,0.0,1
COM,1997,0.0,3
COM,2018,0.0,2
COM,2019,0.0,1
CRI,1971,0.0,1
CRI,1976,0.0,12
CRI,1977,0.0,5
CRI,1978,0.0,2
CRI,1979,3.0,2
CRI,1980,0.0,3
CRI,1981,4.0,10
CRI,1982,4.0,6
CRI,1983,0.0,3
CRI,1984,0.0,2
CRI,1985,0.0,5
CRI,1986,0.0,1
CRI,1987,0.0,3
CRI,1988,0.0,2
CRI,1989,1.0,1
CRI,1990,0.0,1
CRI,1991,0.0,2
CRI,1992,0.0,2
CRI,1994,1.0,1
CRI,1996,1.0,1
CRI,1997,2.0,1
CRI,2001,1.0,1
CRI,2019,0.0,2
CUB,1991,0.0,1
CUB,1992,3.0,4
CUB,1994,3.0,9
CUB,1996,0.0,1
CUB,1997,1.0,14
CUB,2007,1.0,1
CYP,1973,1.0,3
CYP,1975,0.0,2
CYP,1977,0.0,1
CYP,1978,16.0,2
CYP,1979,2.0,5
CYP,1980,3.0,1
CYP,1981,0.0,3
CYP,1982,0.0,1
CYP,1983,0.0,2
CYP,1984,6.0,7
CYP,1985,3.0,7
CYP,1986,1.0,3
CYP,1987,1.0,10
CYP,1988,6.0,5
CYP,1989,1.0,6
CYP,1990,0.0,11
CYP,1991,0.0,11
CYP,1992,0.0,6
CYP,1994,2.0,6
CYP,1995,0.0,3
CYP,1996,3.0,10
CYP,1998,0.0,1
CYP,1999,0.0,1
CYP,2000,0.0,2
CYP,2001,0.0,1
CYP,2004,0.0,1
CYP,2007,0.0,1
CYP,2012,0.0,1
CYP,2013,0.0,2
CYP,2014,0.0,2
CYP,2016,0.0,2
CZE,1972,26.0,1
CZE,1989,0.0,4
CZE,1990,0.0,1
CZE,1991,1.0,1
CZE,1992,0.0,3
CZE,1994,0.0,1
CZE,1995,1.0,3
CZE,1996,2.0,3
CZE,1997,1.0,4
CZE,2001,0.0,1
CZE,2003,0.0,1
CZE,2008,0.0,2
CZE,2009,0.0,1
CZE,2011,0.0,1
CZE,2013,1.0,1
CZE,2014,1.0,5
CZE,2015,0.0,4
CZE,2016,0.0,2
CZE,2017,0.0,3
DEU,1970,8.0,32
DEU,1971,0.0,17
DEU,1972,23.0,24
DEU,1973,1.0,27
DEU,1974,2.0,29
DEU,1975,1.0,35
DEU,1976,4.0,50
DEU,1977,6.0,41
DEU,1978,0.0,20
DEU,1979,0.0,17
DEU,1980,17.0,20
DEU,1981,2.0,31
DEU,1982,5.0,30
DEU,1983,2.0,6
DEU,1984,0.0,22
DEU,1985,9.0,57
DEU,1986,10.0,49
DEU,1987,2.0,20
DEU,1988,1.0,18
DEU,1989,5.0,22
DEU,1990,1.0,13
DEU,1991,10.0,65
DEU,1992,17.0,156
DEU,1994,2.0,79
DEU,1995,10.0,147
DEU,1996,1.0,52
DEU,1997,0.0,12
DEU,1998,0.0,6
DEU,1999,3.0,13
DEU,2000,1.0,8
DEU,2001,3.0,8
DEU,2002,0.0,3
DEU,2003,0.0,2
DEU,2004,1.0,3
DEU,2005,2.0,3
DEU,2006,2.0,4
DEU,2007,1.0,3
DEU,2008,0.0,3
DEU,2009,0.0,4
DEU,2010,0.0,1
DEU,2011,2.0,8
DEU,2012,0.0,5
DEU,2014,0.0,13
DEU,2015,1.0,66
DEU,2016,27.0,45
DEU,2017,1.0,27
DEU,2018,0.0,22
DEU,2019,3.0,16
DJI,1977,1.0,1
DJI,1979,4.0,1
DJI,1987,10.0,1
DJI,1988,0.0,2
DJI,1990,1.0,1
DJI,1991,8.0,1
DJI,1992,228.0,6
DJI,1994,6.0,2
DJI,1995,0.0,2
DJI,1997,11.0,1
DJI,2004,0.0,1
DJI,2014,5.0,1
DJI,2015,0.0,1
DJI,2017,0.0,1
DMA,1981,3.0,2
DMA,1997,0.0,1
DNK,1978,0.0,1
DNK,1979,0.0,3
DNK,1980,0.0,1
DNK,1981,0.0,6
DNK,1985,1.0,4
DNK,1986,0.0,2
DNK,1987,0.0,2
DNK,1988,0.0,1
DNK,1989,0.0,1
DNK,1991,0.0,1
DNK,1992,1.0,4
DNK,1995,0.0,6
DNK,1999,0.0,1
DNK,2008,0.0,1
DNK,2010,0.0,1
DNK,2013,0.0,1
DNK,2015,2.0,5
DNK,2016,1.0,1
DNK,2018,0.0,1
DNK,2019,0.0,2
DOM,1970,1.0,2
DOM,1971,0.0,3
DOM,1973,0.0,3
DOM,1974,0.0,2
DOM,1978,3.0,1
DOM,1979,1.0,2
DOM,1980,1.0,1
DOM,1982,5.0,2
DOM,1987,7.0,15
DOM,1988,0.0,2
DOM,1989,1.0,11
DOM,1990,3.0,2
DOM,1991,1.0,8
DOM,1992,1.0,11
DOM,1994,2.0,7
DOM,1996,3.0,3
DOM,1997,3.0,12
DOM,2013,0.0,1
DOM,2014,0.0,1
DOM,2017,2.0,1
DZA,1972,0.0,1
DZA,1976,0.0,1
DZA,1978,0.0,1
DZA,1979,0.0,1
DZA,1990,3.0,2
DZA,1991,42.0,30
DZA,1992,236.0,215
DZA,1994,500.0,227
DZA,1995,418.0,185
DZA,1996,529.0,129
DZA,1997,4266.0,344
DZA,1998,952.0,151
DZA,1999,467.0,106
DZA,2000,528.0,138
DZA,2001,624.0,113
DZA,2002,615.0,132
DZA,2003,269.0,75
DZA,2004,166.0,67
DZA,2005,228.0,104
DZA,2006,185.0,152
DZA,2007,241.0,124
DZA,2008,249.0,107
DZA,2009,204.0,108
DZA,2010,109.0,100
DZA,2011,25.0,15
DZA,2012,30.0,41
DZA,2013,101.0,22
DZA,2014,37.0,13
DZA,2015,20.0,15
DZA,2016,9.0,9
DZA,2017,12.0,14
DZA,2018,19.0,7
ECU,1973,0.0,1
ECU,1974,0.0,3
ECU,1976,1.0,2
ECU,1977,1.0,7
ECU,1978,2.0,11
ECU,1979,0.0,2
ECU,1980,2.0,2
ECU,1981,2.0,2
ECU,1982,1.0,3
ECU,1983,0.0,10
ECU,1984,1.0,24
ECU,1985,4.0,12
ECU,1986,13.0,8
ECU,1987,0.0,6
ECU,1988,4.0,9
ECU,1989,9.0,14
ECU,1990,3.0,8
ECU,1991,0.0,17
ECU,1992,2.0,23
ECU,1994,0.0,6
ECU,1995,4.0,6
ECU,1996,2.0,5
ECU,1997,1.0,4
ECU,1998,0.0,3
ECU,1999,0.0,2
ECU,2000,0.0,4
ECU,2001,0.0,5
ECU,2002,0.0,2
ECU,2003,0.0,4
ECU,2004,0.0,2
ECU,2008,0.0,2
ECU,2009,0.0,1
ECU,2011,0.0,1
ECU,2012,0.0,1
ECU,2013,1.0,2
ECU,2015,0.0,1
ECU,2016,1.0,6
ECU,2017,0.0,3
ECU,2018,10.0,11
ECU,2019,2.0,3
EGY,1970,0.0,1
EGY,1971,1.0,1
EGY,1972,0.0,1
EGY,1977,1.0,1
EGY,1978,2.0,2
EGY,1979,1.0,1
EGY,1980,1.0,5
EGY,1981,67.0,9
EGY,1982,0.0,1
EGY,1985,2.0,2
EGY,1986,12.0,4
EGY,1987,1.0,7
EGY,1988,1.0,9
EGY,1989,1.0,7
EGY,1990,21.0,13
EGY,1991,8.0,10
EGY,1992,49.0,79
EGY,1994,173.0,143
EGY,1995,134.0,102
EGY,1996,97.0,51
EGY,1997,165.0,22
EGY,1998,9.0,3
EGY,1999,1.0,1
EGY,2004,37.0,3
EGY,2005,92.0,2
EGY,2006,19.0,5
EGY,2008,0.0,1
EGY,2009,1.0,2
EGY,2010,0.0,2
EGY,2011,28.0,18
EGY,2012,44.0,49
EGY,2013,243.0,321
EGY,2014,343.0,354
EGY,2015,829.0,647
EGY,2016,609.0,376
EGY,2017,878.0,225
EGY,2018,98.0,54
EGY,2019,152.0,63
ERI,1995,0.0,2
ERI,1996,6.0,1
ERI,2007,0.0,2
ERI,2008,4.0,2
ERI,2009,2.0,1
ERI,2010,17.0,1
ERI,2011,17.0,1
ESH,1978,0.0,1
ESH,1984,0.0,1
ESH,1986,1.0,1
ESH,1992,0.0,1
ESH,2007,0.0,1
ESH,2018,0.0,2
ESP,1970,0.0,4
ESP,1971,0.0,22
ESP,1972,2.0,19
ESP,1973,6.0,21
ESP,1974,19.0,14
ESP,1975,31.0,136
ESP,1976,17.0,50
ESP,1977,44.0,147
ESP,1978,84.0,209
ESP,1979,112.0,279
ESP,1980,116.0,187
ESP,1981,39.0,107
ESP,1982,42.0,146
ESP,1983,42.0,122
ESP,1984,51.0,143
ESP,1985,67.0,114
ESP,1986,57.0,125
ESP,1987,68.0,104
ESP,1988,25.0,151
ESP,1989,29.0,142
ESP,1990,32.0,113
ESP,1991,46.0,89
ESP,1992,29.0,72
ESP,1994,17.0,55
ESP,1995,18.0,44
ESP,1996,5.0,63
ESP,1997,11.0,86
ESP,1998,6.0,17
ESP,1999,0.0,47
ESP,2000,29.0,112
ESP,2001,14.0,79
ESP,2002,5.0,41
ESP,2003,3.0,21
ESP,2004,193.0,31
ESP,2005,0.0,24
ESP,2006,2.0,23
ESP,2007,0.0,11
ESP,2008,3.0,37
ESP,2009,3.0,21
ESP,2010,0.0,3
ESP,2012,0.0,1
ESP,2013,0.0,5
ESP,2014,0.0,4
ESP,2015,0.0,1
ESP,2016,0.0,3
ESP,2017,21.0,4
ESP,2018,1.0,2
ESP,2019,0.0,4
EST,1992,0.0,2
EST,1994,0.0,6
EST,1995,0.0,2
EST,1996,1.0,1
EST,1999,0.0,1
EST,2001,1.0,1
EST,2011,1.0,1
EST,2015,0.0,1
ETH,1970,1.0,3
ETH,1971,0.0,1
ETH,1973,0.0,1
ETH,1974,3.0,4
ETH,1975,0.0,4
ETH,1976,0.0,5
ETH,1977,5.0,4
ETH,1978,25.0,2
ETH,1979,101.0,4
ETH,1983,0.0,3
ETH,1984,200.0,1
ETH,1985,0.0,1
ETH,1986,40.0,1
ETH,1987,0.0,1
ETH,1988,0.0,2
ETH,1989,1.0,1
ETH,1990,17.0,10
ETH,1991,161.0,5
ETH,1992,330.0,13
ETH,1994,6.0,4
ETH,1995,5.0,5
ETH,1996,133.0,7
ETH,1997,8.0,6
ETH,1999,2.0,2
ETH,2000,3.0,1
ETH,2002,1.0,3
ETH,2003,2.0,1
ETH,2004,1.0,2
ETH,2005,9.0,5
ETH,2006,12.0,11
ETH,2007,204.0,5
ETH,2008,27.0,8
ETH,2009,13.0,2
ETH,2010,8.0,2
ETH,2011,2.0,3
ETH,2012,25.0,3
ETH,2013,17.0,5
ETH,2014,9.0,2
ETH,2015,48.0,7
ETH,2016,279.0,13
ETH,2017,69.0,28
ETH,2018,25.0,10
ETH,2019,83.0,26
FIN,1986,0.0,1
FIN,1992,0.0,1
FIN,1994,0.0,1
FIN,1995,0.0,1
FIN,2007,9.0,1
FIN,2008,0.0,1
FIN,2015,0.0,9
FIN,2016,0.0,3
FIN,2017,2.0,2
FIN,2018,0.0,1
FIN,2019,1.0,3
FJI,1987,0.0,3
FJI,1989,0.0,2
FJI,1991,0.0,3
FJI,1992,1.0,1
FJI,1999,0.0,3
FJI,2000,7.0,4
FJI,2001,0.0,1
FLK,1983,0.0,1
FRA,1972,1.0,11
FRA,1973,5.0,14
FRA,1974,3.0,29
FRA,1975,3.0,39
FRA,1976,7.0,58
FRA,1977,3.0,53
FRA,1978,21.0,59
FRA,1979,11.0,212
FRA,1980,20.0,94
FRA,1981,8.0,66
FRA,1982,17.0,62
FRA,1983,20.0,121
FRA,1984,15.0,145
FRA,1985,17.0,105
FRA,1986,25.0,95
FRA,1987,5.0,87
FRA,1988,6.0,54
FRA,1989,3.0,25
FRA,1990,3.0,30
FRA,1991,6.0,137
FRA,1992,9.0,126
FRA,1994,7.0,97
FRA,1995,19.0,71
FRA,1996,18.0,270
FRA,1997,0.0,130
FRA,1998,1.0,12
FRA,1999,0.0,46
FRA,2000,4.0,28
FRA,2001,0.0,21
FRA,2002,0.0,32
FRA,2003,0.0,34
FRA,2004,0.0,11
FRA,2005,0.0,33
FRA,2006,1.0,34
FRA,2007,3.0,16
FRA,2008,0.0,13
FRA,2009,0.0,9
FRA,2010,0.0,3
FRA,2011,0.0,8
FRA,2012,8.0,66
FRA,2013,0.0,18
FRA,2014,1.0,14
FRA,2015,162.0,38
FRA,2016,94.0,25
FRA,2017,7.0,42
FRA,2018,13.0,13
FRA,2019,8.0,20
GAB,1979,2.0,1
GAB,1994,0.0,1
GAB,1996,0.0,1
GAB,1997,4.0,1
GAB,2017,0.0,4
GAB,2019,2.0,1
GBR,1970,20.0,12
GBR,1971,110.0,81
GBR,1972,368.0,292
GBR,1973,210.0,189
GBR,1974,235.0,203
GBR,1975,245.0,194
GBR,1976,264.0,194
GBR,1977,103.0,140
GBR,1978,81.0,100
GBR,1979,133.0,239
GBR,1980,78.0,134
GBR,1981,86.0,142
GBR,1982,95.0,95
GBR,1983,77.0,177
GBR,1984,69.0,145
GBR,1985,64.0,67
GBR,1986,63.0,95
GBR,1987,104.0,117
GBR,1988,370.0,180
GBR,1989,66.0,163
GBR,1990,76.0,147
GBR,1991,88.0,262
GBR,1992,97.0,274
GBR,1994,66.0,256
GBR,1995,11.0,22
GBR,1996,14.0,36
GBR,1997,23.0,78
GBR,1998,46.0,63
GBR,1999,8.0,76
GBR,2000,7.0,61
GBR,2001,8.0,94
GBR,2002,2.0,21
GBR,2003,2.0,23
GBR,2004,0.0,5
GBR,2005,57.0,29
GBR,2006,0.0,6
GBR,2007,4.0,24
GBR,2008,0.0,39
GBR,2009,3.0,23
GBR,2010,0.0,57
GBR,2011,1.0,47
GBR,2012,2.0,54
GBR,2013,4.0,136
GBR,2014,1.0,104
GBR,2015,1.0,114
GBR,2016,9.0,104
GBR,2017,42.0,123
GBR,2018,2.0,101
GBR,2019,5.0,86
GEO,1991,2.0,3
GEO,1992,109.0,39
GEO,1994,29.0,18
GEO,1995,14.0,17
GEO,1996,2.0,3
GEO,1997,35.0,6
GEO,1998,32.0,12
GEO,1999,5.0,7
GEO,2000,3.0,7
GEO,2001,6.0,4
GEO,2002,1.0,2
GEO,2003,0.0,6
GEO,2004,0.0,3
GEO,2005,8.0,6
GEO,2006,5.0,3
GEO,2008,13.0,33
GEO,2009,5.0,25
GEO,2010,4.0,7
GEO,2011,1.0,3
GEO,2012,1.0,3
GEO,2013,2.0,2
GEO,2014,0.0,2
GEO,2015,0.0,1
GEO,2016,1.0,4
GEO,2017,0.0,1
GEO,2018,1.0,1
GHA,1987,0.0,1
GHA,1992,0.0,8
GHA,1994,13.0,4
GHA,1995,2.0,1
GHA,1996,3.0,2
GHA,1997,1.0,1
GHA,2014,0.0,1
GHA,2016,0.0,1
GHA,2018,2.0,2
GHA,2019,2.0,3
GIN,1980,1.0,2
GIN,1992,0.0,2
GIN,1994,2.0,2
GIN,1996,2.0,1
GIN,2000,206.0,12
GIN,2005,0.0,1
GIN,2013,0.0,2
GIN,2015,1.0,2
GIN,2016,1.0,1
GIN,2018,1.0,2
GLP,1980,1.0,9
GLP,1981,0.0,1
GLP,1983,0.0,17
GLP,1984,4.0,14
GLP,1985,2.0,9
GLP,1986,0.0,1
GLP,1988,0.0,4
GLP,1991,1.0,1
GMB,1994,13.0,1
GMB,1995,0.0,1
GMB,2000,0.0,1
GNB,2001,0.0,1
GNB,2003,1.0,1
GNB,2005,3.0,4
GNB,2006,11.0,1
GNB,2009,1.0,1
GNB,2012,1.0,1
GNQ,1992,1.0,1
GNQ,2009,1.0,1
GRC,1970,2.0,3
GRC,1971,0.0,1
GRC,1972,0.0,2
GRC,1973,5.0,11
GRC,1974,92.0,6
GRC,1975,1.0,4
GRC,1976,14.0,21
GRC,1977,1.0,47
GRC,1978,0.0,39
GRC,1979,1.0,9
GRC,1980,5.0,15
GRC,1981,3.0,20
GRC,1982,2.0,19
GRC,1983,4.0,11
GRC,1984,5.0,28
GRC,1985,64.0,35
GRC,1986,6.0,41
GRC,1987,2.0,26
GRC,1988,14.0,38
GRC,1989,4.0,50
GRC,1990,2.0,55
GRC,1991,15.0,57
GRC,1992,2.0,35
GRC,1994,3.0,42
GRC,1995,0.0,8
GRC,1996,0.0,20
GRC,1997,1.0,21
GRC,1998,0.0,28
GRC,1999,1.0,35
GRC,2000,1.0,28
GRC,2001,0.0,14
GRC,2002,0.0,10
GRC,2003,0.0,12
GRC,2004,0.0,4
GRC,2005,0.0,6
GRC,2006,0.0,23
GRC,2007,0.0,15
GRC,2008,0.0,53
GRC,2009,1.0,115
GRC,2010,4.0,49
GRC,2011,0.0,11
GRC,2012,1.0,23
GRC,2013,4.0,55
GRC,2014,0.0,27
GRC,2015,1.0,30
GRC,2016,0.0,30
GRC,2017,0.0,44
GRC,2018,3.0,26
GRC,2019,0.0,32
GRD,1980,9.0,4
GRD,1983,0.0,1
GTM,1970,2.0,4
GTM,1971,0.0,1
GTM,1974,0.0,1
GTM,1975,23.0,5
GTM,1976,8.0,13
GTM,1977,6.0,8
GTM,1978,35.0,29
GTM,1979,53.0,60
GTM,1980,528.0,281
GTM,1981,1381.0,399
GTM,1982,1562.0,354
GTM,1983,530.0,117
GTM,1984,171.0,74
GTM,1985,137.0,63
GTM,1986,54.0,31
GTM,1987,211.0,56
GTM,1988,135.0,29
GTM,1989,43.0,79
GTM,1990,68.0,83
GTM,1991,73.0,77
GTM,1992,28.0,48
GTM,1994,22.0,84
GTM,1995,40.0,82
GTM,1996,14.0,26
GTM,1997,22.0,26
GTM,1999,3.0,1
GTM,2000,2.0,1
GTM,2001,1.0,2
GTM,2003,1.0,3
GTM,2004,3.0,2
GTM,2006,5.0,4
GTM,2012,2.0,1
GTM,2013,4.0,6
GTM,2018,0.0,2
GUF,1983,1.0,3
GUF,1996,0.0,2
GUF,1997,0.0,2
GUY,1978,5.0,1
GUY,1979,1.0,2
GUY,1980,1.0,1
GUY,1981,1.0,1
GUY,1990,0.0,5
GUY,1992,0.0,4
GUY,1997,0.0,1
GUY,1998,0.0,2
GUY,2001,0.0,1
GUY,2002,4.0,1
GUY,2003,0.0,1
GUY,2006,6.0,2
GUY,2008,23.0,3
GUY,2016,0.0,1
GUY,2019,0.0,1
HKG,1980,0.0,1
HKG,1981,0.0,3
HKG,1989,0.0,1
HKG,1990,0.0,1
HKG,1991,0.0,1
HKG,1992,1.0,6
HKG,1994,3.0,4
HKG,1995,0.0,1
HKG,1996,0.0,3
HKG,2000,0.0,2
HKG,2001,0.0,1
HKG,2005,0.0,1
HKG,2008,0.0,1
HND,1973,0.0,1
HND,1979,1.0,6
HND,1980,6.0,16
HND,1981,7.0,17
HND,1982,24.0,34
HND,1983,75.0,29
HND,1984,5.0,12
HND,1985,7.0,9
HND,1986,10.0,8
HND,1987,21.0,20
HND,1988,32.0,21
HND,1989,9.0,29
HND,1990,3.0,13
HND,1991,18.0,21
HND,1992,5.0,12
HND,1994,10.0,6
HND,1995,8.0,12
HND,1996,11.0,19
HND,1997,14.0,22
HND,2002,0.0,1
HND,2004,28.0,1
HND,2009,2.0,8
HND,2011,2.0,1
HND,2013,5.0,2
HND,2014,0.0,1
HND,2016,2.0,1
HND,2017,2.0,1
HND,2019,4.0,5
HRV,1991,237.0,26
HRV,1992,2.0,4
HRV,1994,3.0,4
HRV,1995,1.0,1
HRV,1996,0.0,3
HRV,1997,2.0,8
HRV,2000,3.0,2
HRV,2001,0.0,3
HRV,2005,0.0,1
HRV,2008,0.0,2
HRV,2009,0.0,1
HRV,2013,0.0,2
HTI,1973,0.0,1
HTI,1974,0.0,2
HTI,1983,5.0,6
HTI,1987,4.0,10
HTI,1988,3.0,6
HTI,1989,0.0,3
HTI,1990,13.0,3
HTI,1991,137.0,17
HTI,1992,18.0,27
HTI,1994,87.0,27
HTI,1995,16.0,34
HTI,1996,14.0,27
HTI,1997,9.0,16
HTI,1998,0.0,1
HTI,1999,3.0,5
HTI,2000,5.0,9
HTI,2001,0.0,5
HTI,2002,0.0,2
HTI,2003,4.0,5
HTI,2004,7.0,2
HTI,2005,1.0,1
HTI,2006,2.0,1
HTI,2007,1.0,2
HTI,2016,7.0,1
HTI,2018,0.0,5
HTI,2019,2.0,4
HUN,1989,0.0,1
HUN,1991,0.0,3
HUN,1992,0.0,1
HUN,1994,0.0,2
HUN,1996,0.0,13
HUN,1997,3.0,17
HUN,1998,0.0,2
HUN,2001,1.0,1
HUN,2008,0.0,2
HUN,2009,2.0,1
HUN,2014,0.0,1
HUN,2015,0.0,1
HUN,2016,0.0,1
HUN,2019,0.0,1
IDN,1977,1.0,1
IDN,1978,0.0,2
IDN,1981,4.0,1
IDN,1984,2.0,2
IDN,1985,7.0,2
IDN,1986,0.0,4
IDN,1989,85.0,2
IDN,1990,12.0,3
IDN,1991,21.0,7
IDN,1992,33.0,4
IDN,1994,1.0,5
IDN,1995,41.0,24
IDN,1996,30.0,65
IDN,1997,102.0,27
IDN,1998,9.0,3
IDN,1999,67.0,60
IDN,2000,146.0,101
IDN,2001,134.0,106
IDN,2002,246.0,43
IDN,2003,26.0,18
IDN,2004,42.0,17
IDN,2005,66.0,15
IDN,2006,6.0,10
IDN,2007,0.0,2
IDN,2008,0.0,13
IDN,2009,15.0,19
IDN,2010,0.0,4
IDN,2011,20.0,21
IDN,2012,15.0,39
IDN,2013,23.0,32
IDN,2014,20.0,35
IDN,2015,22.0,29
IDN,2016,22.0,19
IDN,2017,20.0,27
IDN,2018,71.0,43
IDN,2019,21.0,26
IND,1972,0.0,1
IND,1975,4.0,1
IND,1976,0.0,1
IND,1977,0.0,1
IND,1979,31.0,20
IND,1980,17.0,10
IND,1981,24.0,16
IND,1982,64.0,13
IND,1983,59.0,47
IND,1984,195.0,159
IND,1985,51.0,39
IND,1986,340.0,96
IND,1987,506.0,166
IND,1988,966.0,358
IND,1989,874.0,324
IND,1990,907.0,349
IND,1991,1113.0,339
IND,1992,1152.0,237
IND,1994,389.0,107
IND,1995,361.0,179
IND,1996,569.0,213
IND,1997,853.0,193
IND,1998,398.0,61
IND,1999,469.0,112
IND,2000,671.0,180
IND,2001,660.0,234
IND,2002,599.0,184
IND,2003,472.0,196
IND,2004,334.0,108
IND,2005,468.0,146
IND,2006,722.0,167
IND,2007,626.0,150
IND,2008,824.0,534
IND,2009,774.0,672
IND,2010,812.0,663
IND,2011,499.0,645
IND,2012,264.0,613
IND,2013,467.0,694
IND,2014,490.0,860
IND,2015,387.0,885
IND,2016,467.0,1026
IND,2017,465.0,967
IND,2018,412.0,888
IND,2019,311.0,623
INTRN,2002,1.0,1
IRL,1970,1.0,1
IRL,1971,1.0,1
IRL,1972,6.0,5
IRL,1973,4.0,3
IRL,1974,34.0,3
IRL,1975,7.0,7
IRL,1976,5.0,5
IRL,1977,2.0,3
IRL,1978,1.0,3
IRL,1979,9.0,8
IRL,1980,3.0,6
IRL,1981,2.0,5
IRL,1982,2.0,4
IRL,1983,5.0,4
IRL,1984,1.0,1
IRL,1985,2.0,2
IRL,1986,0.0,2
IRL,1987,6.0,24
IRL,1989,3.0,3
IRL,1990,0.0,2
IRL,1991,3.0,16
IRL,1992,0.0,7
IRL,1994,4.0,10
IRL,1995,1.0,3
IRL,1996,1.0,1
IRL,1997,0.0,4
IRL,1998,1.0,3
IRL,1999,0.0,3
IRL,2001,0.0,2
IRL,2003,0.0,1
IRL,2006,1.0,1
IRL,2007,0.0,1
IRL,2008,0.0,5
IRL,2010,0.0,4
IRL,2011,1.0,4
IRL,2012,0.0,29
IRL,2013,0.0,27
IRL,2014,0.0,33
IRL,2015,0.0,28
IRL,2016,2.0,15
IRL,2017,0.0,17
IRL,2018,0.0,5
IRL,2019,0.0,12
IRN,1970,0.0,5
IRN,1971,4.0,11
IRN,1972,1.0,15
IRN,1973,1.0,4
IRN,1974,1.0,11
IRN,1975,8.0,13
IRN,1976,5.0,4
IRN,1977,2.0,5
IRN,1978,447.0,27
IRN,1979,57.0,82
IRN,1980,55.0,67
IRN,1981,224.0,108
IRN,1982,139.0,26
IRN,1983,0.0,10
IRN,1984,29.0,17
IRN,1985,22.0,3
IRN,1986,39.0,6
IRN,1987,0.0,1
IRN,1988,18.0,6
IRN,1989,14.0,6
IRN,1990,10.0,11
IRN,1991,2.0,9
IRN,1992,9.0,16
IRN,1994,74.0,43
IRN,1995,0.0,8
IRN,1996,3.0,3
IRN,1998,6.0,5
IRN,1999,4.0,8
IRN,2000,5.0,15
IRN,2001,0.0,4
IRN,2003,0.0,2
IRN,2005,13.0,5
IRN,2006,48.0,14
IRN,2007,24.0,9
IRN,2008,26.0,8
IRN,2009,97.0,15
IRN,2010,115.0,14
IRN,2011,18.0,13
IRN,2012,12.0,5
IRN,2013,39.0,11
IRN,2014,13.0,9
IRN,2015,38.0,9
IRN,2016,12.0,10
IRN,2017,39.0,11
IRN,2018,66.0,13
IRN,2019,37.0,8
IRQ,1975,0.0,1
IRQ,1976,12.0,3
IRQ,1979,1.0,2
IRQ,1980,8.0,6
IRQ,1981,0.0,3
IRQ,1982,96.0,5
IRQ,1983,1.0,3
IRQ,1984,0.0,2
IRQ,1987,0.0,3
IRQ,1988,43.0,4
IRQ,1989,0.0,4
IRQ,1991,1.0,3
IRQ,1992,117.0,35
IRQ,1994,75.0,18
IRQ,1995,156.0,17
IRQ,1996,11.0,12
IRQ,1997,106.0,21
IRQ,1998,19.0,7
IRQ,1999,32.0,12
IRQ,2000,10.0,10
IRQ,2001,9.0,3
IRQ,2002,10.0,6
IRQ,2003,391.0,102
IRQ,2004,2171.0,323
IRQ,2005,3384.0,617
IRQ,2006,4612.0,837
IRQ,2007,6665.0,1045
IRQ,2008,2864.0,1106
IRQ,2009,2585.0,1137
IRQ,2010,2074.0,1179
IRQ,2011,1870.0,1308
IRQ,2012,2679.0,1435
IRQ,2013,7042.0,2852
IRQ,2014,13965.0,3934
IRQ,2015,8885.0,2751
IRQ,2016,12276.0,3395
IRQ,2017,6619.0,2548
IRQ,2018,1432.0,1364
IRQ,2019,798.0,642
ISL,1983,0.0,1
ISL,1986,0.0,1
ISL,2012,0.0,1
ISL,2014,0.0,1
ISR,1971,1.0,1
ISR,1972,26.0,15
ISR,1973,2.0,1
ISR,1974,78.0,12
ISR,1975,24.0,2
ISR,1976,1.0,2
ISR,1977,5.0,6
ISR,1978,52.0,23
ISR,1979,63.0,129
ISR,1980,14.0,77
ISR,1981,3.0,32
ISR,1982,0.0,54
ISR,1983,16.0,26
ISR,1984,7.0,20
ISR,1985,0.0,18
ISR,1986,8.0,47
ISR,1987,11.0,20
ISR,1988,12.0,32
ISR,1989,35.0,73
ISR,1990,45.0,81
ISR,1991,24.0,53
ISR,1992,28.0,58
ISR,1994,54.0,41
ISR,1995,17.0,12
ISR,1996,70.0,18
ISR,1997,31.0,12
ISR,1998,17.0,12
ISR,1999,6.0,8
ISR,2000,11.0,13
ISR,2001,135.0,70
ISR,2002,326.0,71
ISR,2003,150.0,34
ISR,2004,57.0,18
ISR,2005,41.0,28
ISR,2006,56.0,79
ISR,2007,10.0,49
ISR,2008,31.0,129
ISR,2009,1.0,36
ISR,2010,4.0,14
ISR,2011,21.0,51
ISR,2012,14.0,59
ISR,2013,2.0,37
ISR,2014,49.0,293
ISR,2015,20.0,58
ISR,2016,16.0,50
ISR,2017,4.0,34
ISR,2018,9.0,63
ISR,2019,9.0,65
ITA,1970,0.0,3
ITA,1971,0.0,3
ITA,1972,1.0,4
ITA,1973,62.0,15
ITA,1974,23.0,22
ITA,1975,0.0,7
ITA,1976,9.0,173
ITA,1977,25.0,308
ITA,1978,26.0,277
ITA,1979,24.0,209
ITA,1980,134.0,110
ITA,1981,24.0,69
ITA,1982,12.0,23
ITA,1983,2.0,7
ITA,1984,23.0,14
ITA,1985,19.0,11
ITA,1986,1.0,7
ITA,1987,3.0,14
ITA,1988,6.0,29
ITA,1989,0.0,15
ITA,1990,0.0,6
ITA,1991,0.0,31
ITA,1992,17.0,37
ITA,1994,2.0,18
ITA,1995,0.0,1
ITA,1996,0.0,8
ITA,1997,0.0,8
ITA,1998,0.0,6
ITA,1999,1.0,7
ITA,2000,0.0,8
ITA,2001,0.0,11
ITA,2002,1.0,7
ITA,2003,0.0,15
ITA,2004,1.0,3
ITA,2005,1.0,6
ITA,2006,0.0,4
ITA,2008,0.0,1
ITA,2009,0.0,4
ITA,2010,0.0,10
ITA,2011,2.0,5
ITA,2012,0.0,10
ITA,2013,0.0,7
ITA,2014,0.0,7
ITA,2015,0.0,5
ITA,2016,1.0,11
ITA,2017,0.0,10
ITA,2018,0.0,15
ITA,2019,0.0,8
JAM,1974,0.0,2
JAM,1976,0.0,1
JAM,1979,4.0,2
JAM,1980,11.0,6
JAM,1981,5.0,1
JAM,1986,3.0,1
JAM,1991,0.0,1
JAM,1992,5.0,6
JAM,1994,2.0,2
JAM,1995,1.0,1
JAM,1996,1.0,1
JAM,1997,10.0,8
JAM,2007,0.0,1
JAM,2014,0.0,1
JAM,2017,0.0,2
JOR,1970,1.0,9
JOR,1971,0.0,5
JOR,1972,2.0,7
JOR,1973,0.0,1
JOR,1976,9.0,1
JOR,1980,1.0,1
JOR,1981,0.0,2
JOR,1982,0.0,1
JOR,1983,0.0,7
JOR,1984,1.0,5
JOR,1988,0.0,1
JOR,1990,0.0,3
JOR,1991,1.0,11
JOR,1992,1.0,2
JOR,1994,0.0,6
JOR,1995,1.0,3
JOR,1996,0.0,2
JOR,1997,0.0,3
JOR,1998,0.0,1
JOR,1999,0.0,2
JOR,2000,0.0,2
JOR,2001,1.0,2
JOR,2002,3.0,2
JOR,2005,62.0,4
JOR,2006,1.0,1
JOR,2010,1.0,2
JOR,2012,1.0,2
JOR,2013,0.0,1
JOR,2014,1.0,3
JOR,2015,7.0,4
JOR,2016,35.0,11
JOR,2017,4.0,8
JOR,2018,3.0,2
JOR,2019,4.0,4
JPN,1970,0.0,2
JPN,1973,0.0,2
JPN,1974,0.0,3
JPN,1975,0.0,12
JPN,1976,2.0,1
JPN,1977,0.0,4
JPN,1978,4.0,35
JPN,1979,5.0,16
JPN,1981,0.0,1
JPN,1982,0.0,2
JPN,1983,2.0,12
JPN,1984,0.0,15
JPN,1985,2.0,10
JPN,1986,3.0,10
JPN,1987,1.0,10
JPN,1988,0.0,16
JPN,1989,2.0,13
JPN,1990,2.0,93
JPN,1991,1.0,19
JPN,1992,0.0,40
JPN,1994,8.0,9
JPN,1995,15.0,20
JPN,1996,0.0,8
JPN,1997,0.0,5
JPN,1998,0.0,1
JPN,1999,0.0,2
JPN,2000,0.0,13
JPN,2001,0.0,3
JPN,2002,0.0,2
JPN,2003,0.0,2
JPN,2008,0.0,3
JPN,2009,0.0,1
JPN,2013,0.0,1
JPN,2014,0.0,5
JPN,2015,0.0,10
JPN,2016,19.0,1
JPN,2018,0.0,1
JPN,2019,0.0,2
KAZ,1992,9.0,5
KAZ,1994,0.0,1
KAZ,1997,2.0,2
KAZ,2000,2.0,1
KAZ,2001,0.0,1
KAZ,2008,2.0,1
KAZ,2011,12.0,5
KAZ,2012,2.0,4
KAZ,2013,0.0,4
KAZ,2016,10.0,3
KAZ,2019,0.0,1
KEN,1975,27.0,4
KEN,1976,0.0,2
KEN,1978,4.0,1
KEN,1980,15.0,1
KEN,1989,4.0,4
KEN,1991,0.0,5
KEN,1992,155.0,30
KEN,1994,40.0,5
KEN,1995,2.0,4
KEN,1996,2.0,3
KEN,1997,36.0,17
KEN,1998,226.0,2
KEN,2000,26.0,4
KEN,2001,13.0,7
KEN,2002,16.0,2
KEN,2003,3.0,2
KEN,2005,56.0,2
KEN,2006,18.0,2
KEN,2007,33.0,12
KEN,2008,103.0,11
KEN,2009,0.0,1
KEN,2010,19.0,12
KEN,2011,42.0,42
KEN,2012,107.0,80
KEN,2013,207.0,80
KEN,2014,315.0,115
KEN,2015,268.0,70
KEN,2016,72.0,65
KEN,2017,126.0,97
KEN,2018,74.0,52
KEN,2019,82.0,49
KGZ,1996,0.0,5
KGZ,1999,1.0,3
KGZ,2000,2.0,4
KGZ,2001,0.0,1
KGZ,2002,2.0,2
KGZ,2003,1.0,1
KGZ,2005,0.0,2
KGZ,2006,1.0,3
KGZ,2007,0.0,1
KGZ,2010,0.0,1
KGZ,2011,0.0,1
KGZ,2014,1.0,2
KGZ,2015,1.0,3
KGZ,2016,1.0,4
KGZ,2017,1.0,3
KGZ,2018,0.0,1
KHM,1971,2.0,2
KHM,1972,1.0,2
KHM,1978,1.0,1
KHM,1989,11.0,2
KHM,1990,0.0,2
KHM,1991,16.0,3
KHM,1992,64.0,67
KHM,1994,225.0,39
KHM,1995,21.0,56
KHM,1996,44.0,33
KHM,1997,100.0,18
KHM,1998,35.0,7
KHM,1999,1.0,8
KHM,2000,12.0,4
KHM,2001,4.0,7
KHM,2002,4.0,3
KHM,2003,1.0,1
KHM,2008,1.0,2
KHM,2013,0.0,2
KHM,2018,0.0,1
KNA,1995,0.0,2
KOR,1974,1.0,1
KOR,1982,1.0,1
KOR,1983,1.0,1
KOR,1986,5.0,2
KOR,1988,0.0,8
KOR,1989,0.0,1
KOR,1990,0.0,3
KOR,1991,0.0,6
KOR,1992,1.0,3
KOR,1994,1.0,2
KOR,1995,0.0,4
KOR,1996,0.0,1
KOR,2001,0.0,1
KOR,2003,0.0,1
KOR,2006,0.0,1
KOR,2015,0.0,1
KOR,2016,0.0,1
KOR,2018,0.0,1
KOR,2019,0.0,1
KWT,1972,0.0,1
KWT,1974,0.0,1
KWT,1975,0.0,1
KWT,1976,0.0,1
KWT,1978,1.0,1
KWT,1980,0.0,4
KWT,1981,2.0,3
KWT,1982,0.0,1
KWT,1983,1.0,7
KWT,1984,4.0,1
KWT,1985,11.0,2
KWT,1986,0.0,1
KWT,1987,1.0,12
KWT,1988,2.0,4
KWT,1991,1.0,5
KWT,1992,2.0,15
KWT,1994,0.0,2
KWT,1997,0.0,2
KWT,2001,2.0,2
KWT,2002,4.0,1
KWT,2003,1.0,3
KWT,2005,2.0,2
KWT,2011,0.0,1
KWT,2015,28.0,1
KWT,2016,1.0,2
LAO,1989,2.0,1
LAO,1990,0.0,1
LAO,1992,3.0,4
LAO,1994,2.0,1
LAO,1996,5.0,1
LAO,2000,1.0,8
LAO,2001,0.0,1
LAO,2003,10.0,2
LAO,2012,0.0,1
LAO,2015,0.0,2
LAO,2016,3.0,4
LAO,2017,1.0,1
LBN,1970,0.0,1
LBN,1971,0.0,1
LBN,1972,0.0,3
LBN,1973,4.0,11
LBN,1974,0.0,11
LBN,1975,28.0,15
LBN,1976,4.0,4
LBN,1977,3.0,4
LBN,1978,107.0,12
LBN,1979,33.0,38
LBN,1980,90.0,86
LBN,1981,264.0,81
LBN,1982,234.0,120
LBN,1983,615.0,234
LBN,1984,61.0,166
LBN,1985,656.0,96
LBN,1986,247.0,106
LBN,1987,178.0,94
LBN,1988,176.0,125
LBN,1989,114.0,142
LBN,1990,113.0,84
LBN,1991,98.0,91
LBN,1992,79.0,91
LBN,1994,57.0,67
LBN,1995,35.0,38
LBN,1996,57.0,39
LBN,1997,36.0,46
LBN,1998,17.0,23
LBN,1999,23.0,42
LBN,2000,12.0,12
LBN,2001,0.0,5
LBN,2002,2.0,8
LBN,2003,3.0,5
LBN,2004,1.0,1
LBN,2005,32.0,17
LBN,2006,17.0,8
LBN,2007,40.0,18
LBN,2008,142.0,58
LBN,2009,17.0,14
LBN,2010,2.0,5
LBN,2011,1.0,10
LBN,2012,9.0,15
LBN,2013,190.0,121
LBN,2014,135.0,205
LBN,2015,111.0,44
LBN,2016,25.0,41
LBN,2017,17.0,23
LBN,2018,2.0,8
LBN,2019,8.0,7
LBR,1990,2.0,4
LBR,1991,0.0,1
LBR,1992,37.0,10
LBR,1994,110.0,3
LBR,1996,10.0,1
LBR,1999,0.0,2
LBR,2000,0.0,1
LBR,2001,1.0,3
LBR,2002,3.0,3
LBR,2003,2.0,2
LBR,2008,12.0,1
LBR,2012,0.0,1
LBR,2014,0.0,1
LBR,2017,0.0,1
LBR,2019,0.0,1
LBY,1979,0.0,3
LBY,1980,0.0,2
LBY,1984,15.0,3
LBY,1992,0.0,1
LBY,1995,0.0,1
LBY,1996,12.0,4
LBY,2007,0.0,1
LBY,2008,0.0,1
LBY,2011,0.0,2
LBY,2012,33.0,57
LBY,2013,232.0,291
LBY,2014,694.0,729
LBY,2015,689.0,543
LBY,2016,634.0,422
LBY,2017,290.0,191
LBY,2018,244.0,167
LBY,2019,90.0,70
LCA,2000,2.0,1
LKA,1975,1.0,1
LKA,1979,2.0,3
LKA,1981,3.0,2
LKA,1982,7.0,2
LKA,1983,6.0,7
LKA,1984,485.0,81
LKA,1985,611.0,110
LKA,1986,690.0,142
LKA,1987,1274.0,115
LKA,1988,885.0,350
LKA,1989,1822.0,510
LKA,1990,1393.0,140
LKA,1991,1034.0,115
LKA,1992,984.0,103
LKA,1994,186.0,35
LKA,1995,1020.0,126
LKA,1996,827.0,176
LKA,1997,468.0,63
LKA,1998,680.0,35
LKA,1999,212.0,46
LKA,2000,432.0,67
LKA,2001,195.0,36
LKA,2002,3.0,3
LKA,2003,23.0,9
LKA,2004,30.0,33
LKA,2005,125.0,133
LKA,2006,948.0,216
LKA,2007,410.0,132
LKA,2008,353.0,100
LKA,2009,201.0,37
LKA,2010,2.0,3
LKA,2012,0.0,4
LKA,2013,0.0,14
LKA,2014,3.0,16
LKA,2015,3.0,11
LKA,2016,0.0,1
LKA,2017,1.0,41
LKA,2018,3.0,7
LKA,2019,266.0,15
LSO,1979,0.0,2
LSO,1981,10.0,5
LSO,1982,0.0,2
LSO,1983,30.0,12
LSO,1984,1.0,1
LSO,1988,4.0,1
LSO,1994,0.0,3
LSO,2006,0.0,1
LSO,2009,0.0,1
LSO,2015,1.0,1
LTU,1991,0.0,1
LTU,1992,0.0,1
LTU,1995,0.0,2
LTU,1996,0.0,3
LTU,1997,1.0,1
LTU,2018,0.0,1
LTU,2019,0.0,1
LUX,1983,0.0,2
LUX,1985,0.0,10
LUX,1986,0.0,1
LUX,1994,0.0,3
LVA,1992,0.0,2
LVA,1994,1.0,2
LVA,1995,0.0,1
LVA,1997,0.0,2
LVA,1998,0.0,4
LVA,1999,0.0,1
LVA,2000,1.0,3
LVA,2007,0.0,1
LVA,2017,0.0,1
MAC,1995,0.0,1
MAC,1996,0.0,10
MAC,1997,1.0,16
MAC,1998,0.0,6
MAR,1973,0.0,2
MAR,1976,0.0,1
MAR,1978,10.0,1
MAR,1979,0.0,2
MAR,1985,0.0,2
MAR,1986,2.0,2
MAR,1987,200.0,4
MAR,1991,3.0,3
MAR,1992,2.0,1
MAR,1994,0.0,2
MAR,1995,0.0,1
MAR,1996,0.0,2
MAR,2003,45.0,5
MAR,2007,13.0,6
MAR,2011,17.0,1
MAR,2015,0.0,1
MAR,2018,2.0,1
MDA,1991,0.0,1
MDA,1992,10.0,11
MDA,1994,1.0,1
MDA,1996,0.0,2
MDA,1997,0.0,1
MDA,2000,0.0,1
MDA,2006,2.0,1
MDA,2009,0.0,1
MDA,2012,0.0,1
MDA,2016,0.0,1
MDG,1991,4.0,1
MDG,1992,16.0,7
MDG,1995,4.0,3
MDG,1996,1.0,2
MDG,1997,0.0,1
MDG,2002,0.0,5
MDG,2006,0.0,1
MDG,2009,2.0,1
MDG,2011,0.0,1
MDG,2012,0.0,1
MDG,2013,0.0,2
MDG,2014,1.0,1
MDG,2016,3.0,1
MDV,1988,19.0,1
MDV,2006,0.0,1
MDV,2007,0.0,1
MDV,2008,0.0,1
MDV,2012,1.0,2
MDV,2013,0.0,3
MDV,2014,1.0,10
MDV,2015,0.0,2
MDV,2016,0.0,1
MDV,2017,1.0,2
MDV,2018,0.0,2
MDV,2019,0.0,1
MEX,1970,0.0,2
MEX,1972,0.0,1
MEX,1973,1.0,6
MEX,1974,2.0,16
MEX,1975,32.0,10
MEX,1976,26.0,20
MEX,1977,11.0,19
MEX,1978,7.0,30
MEX,1979,5.0,10
MEX,1980,3.0,5
MEX,1981,0.0,3
MEX,1982,1.0,3
MEX,1983,0.0,2
MEX,1984,13.0,4
MEX,1985,0.0,1
MEX,1986,0.0,2
MEX,1987,0.0,1
MEX,1988,2.0,3
MEX,1989,0.0,1
MEX,1990,3.0,5
MEX,1991,13.0,10
MEX,1992,6.0,6
MEX,1994,88.0,42
MEX,1995,61.0,29
MEX,1996,96.0,75
MEX,1997,229.0,95
MEX,1998,3.0,2
MEX,1999,0.0,1
MEX,2000,5.0,4
MEX,2001,13.0,7
MEX,2003,2.0,1
MEX,2004,0.0,1
MEX,2005,2.0,1
MEX,2006,7.0,7
MEX,2007,25.0,10
MEX,2008,21.0,8
MEX,2009,2.0,1
MEX,2010,0.0,5
MEX,2011,0.0,2
MEX,2012,17.0,16
MEX,2013,47.0,8
MEX,2014,1.0,5
MEX,2015,9.0,19
MEX,2016,4.0,5
MEX,2017,23.0,20
MEX,2018,23.0,27
MEX,2019,24.0,31
MKD,1994,0.0,1
MKD,1995,1.0,1
MKD,1997,0.0,2
MKD,1998,0.0,5
MKD,1999,0.0,3
MKD,2000,3.0,3
MKD,2001,35.0,67
MKD,2002,3.0,8
MKD,2003,0.0,5
MKD,2006,0.0,3
MKD,2007,0.0,1
MKD,2008,2.0,9
MKD,2009,0.0,1
MKD,2012,5.0,1
MKD,2014,0.0,3
MKD,2015,0.0,4
MKD,2017,0.0,1
MLI,1990,14.0,1
MLI,1991,43.0,12
MLI,1992,5.0,3
MLI,1994,131.0,13
MLI,1995,2.0,1
MLI,1997,0.0,3
MLI,2005,0.0,1
MLI,2007,20.0,5
MLI,2008,55.0,9
MLI,2009,30.0,6
MLI,2010,1.0,1
MLI,2011,5.0,4
MLI,2012,53.0,19
MLI,2013,137.0,58
MLI,2014,125.0,69
MLI,2015,269.0,121
MLI,2016,181.0,100
MLI,2017,363.0,142
MLI,2018,584.0,164
MLI,2019,826.0,137
MLT,1977,1.0,1
MLT,1984,0.0,7
MLT,1985,0.0,1
MLT,1986,1.0,1
MLT,1987,0.0,4
MLT,1992,1.0,1
MLT,1995,1.0,2
MLT,1997,0.0,1
MLT,2014,0.0,1
MLT,2015,0.0,1
MLT,2017,1.0,3
MMR,1973,0.0,1
MMR,1976,0.0,2
MMR,1979,86.0,19
MMR,1980,6.0,1
MMR,1982,3.0,2
MMR,1983,21.0,4
MMR,1987,0.0,1
MMR,1988,93.0,23
MMR,1989,80.0,24
MMR,1990,71.0,9
MMR,1991,90.0,22
MMR,1992,139.0,12
MMR,1994,18.0,8
MMR,1995,30.0,12
MMR,1996,86.0,13
MMR,1997,16.0,35
MMR,1999,10.0,4
MMR,2001,8.0,3
MMR,2002,5.0,4
MMR,2003,18.0,9
MMR,2004,1.0,2
MMR,2005,21.0,8
MMR,2006,0.0,2
MMR,2007,10.0,3
MMR,2008,14.0,20
MMR,2009,46.0,14
MMR,2010,13.0,11
MMR,2011,0.0,2
MMR,2012,16.0,17
MMR,2013,11.0,18
MMR,2014,17.0,16
MMR,2015,60.0,37
MMR,2016,73.0,74
MMR,2017,218.0,116
MMR,2018,37.0,40
MMR,2019,84.0,90
MNE,2001,1.0,1
MNE,2007,0.0,1
MNE,2013,0.0,2
MNE,2015,0.0,1
MNE,2018,1.0,3
MOZ,1978,2.0,2
MOZ,1979,34.0,5
MOZ,1981,6.0,3
MOZ,1982,18.0,9
MOZ,1983,5.0,4
MOZ,1984,56.0,10
MOZ,1985,8.0,5
MOZ,1986,470.0,7
MOZ,1987,468.0,11
MOZ,1988,145.0,16
MOZ,1989,710.0,64
MOZ,1990,185.0,23
MOZ,1991,271.0,35
MOZ,1992,155.0,19
MOZ,1994,0.0,3
MOZ,1995,15.0,3
MOZ,1999,0.0,1
MOZ,2000,1.0,3
MOZ,2007,6.0,1
MOZ,2012,1.0,1
MOZ,2013,37.0,18
MOZ,2014,22.0,22
MOZ,2015,12.0,8
MOZ,2016,62.0,79
MOZ,2017,24.0,15
MOZ,2018,138.0,65
MOZ,2019,333.0,133
MRT,1977,4.0,4
MRT,1996,0.0,1
MRT,2004,0.0,1
MRT,2005,23.0,1
MRT,2008,12.0,2
MRT,2009,2.0,5
MRT,2010,1.0,1
MRT,2011,1.0,3
MRT,2018,0.0,1
MTQ,1981,0.0,1
MTQ,1983,0.0,5
MTQ,1984,0.0,2
MTQ,1987,0.0,1
MTQ,1988,0.0,1
MTQ,1991,0.0,1
MTQ,1992,0.0,1
MUS,1988,0.0,1
MUS,1989,0.0,1
MWI,1992,32.0,3
MWI,2002,1.0,1
MWI,2017,0.0,1
MWI,2018,0.0,2
MWI,2019,0.0,5
MYS,1973,0.0,1
MYS,1975,0.0,3
MYS,1977,100.0,2
MYS,1979,5.0,1
MYS,1983,0.0,1
MYS,1986,20.0,15
MYS,1988,9.0,4
MYS,1989,0.0,2
MYS,1990,0.0,3
MYS,1991,0.0,3
MYS,1992,0.0,2
MYS,2000,2.0,3
MYS,2001,0.0,1
MYS,2008,0.0,2
MYS,2009,0.0,1
MYS,2012,2.0,2
MYS,2013,2.0,13
MYS,2014,1.0,12
MYS,2015,1.0,5
MYS,2016,6.0,19
MYS,2017,4.0,4
MYS,2018,3.0,7
MYS,2019,0.0,2
NAM,1975,1.0,1
NAM,1976,3.0,2
NAM,1978,2.0,8
NAM,1979,32.0,31
NAM,1980,2.0,2
NAM,1982,2.0,2
NAM,1983,4.0,5
NAM,1984,26.0,24
NAM,1985,74.0,8
NAM,1986,5.0,1
NAM,1987,2.0,7
NAM,1988,25.0,17
NAM,1989,1.0,11
NAM,1990,0.0,2
NAM,1991,3.0,1
NAM,1994,0.0,1
NAM,1999,13.0,1
NAM,2000,24.0,21
NAM,2001,1.0,6
NCL,1984,11.0,10
NCL,1985,0.0,7
NCL,1986,0.0,2
NCL,1988,22.0,9
NCL,1989,2.0,1
NCL,1992,0.0,2
NCL,2017,0.0,1
NCL,2018,0.0,18
NCL,2019,0.0,1
NER,1985,3.0,1
NER,1989,171.0,1
NER,1991,8.0,6
NER,1992,34.0,16
NER,1994,53.0,8
NER,1995,22.0,2
NER,1996,2.0,1
NER,1997,32.0,3
NER,1999,4.0,2
NER,2007,66.0,7
NER,2008,6.0,9
NER,2009,18.0,4
NER,2010,9.0,3
NER,2011,4.0,2
NER,2012,1.0,1
NER,2013,26.0,4
NER,2014,11.0,5
NER,2015,666.0,41
NER,2016,190.0,25
NER,2017,148.0,13
NER,2018,75.0,19
NER,2019,364.0,49
NGA,1976,3.0,1
NGA,1980,0.0,1
NGA,1983,1.0,3
NGA,1988,4.0,2
NGA,1991,10.0,3
NGA,1992,135.0,11
NGA,1994,15.0,8
NGA,1995,1.0,1
NGA,1996,24.0,11
NGA,1997,107.0,20
NGA,1998,9.0,2
NGA,1999,134.0,18
NGA,2000,0.0,6
NGA,2001,3.0,5
NGA,2002,28.0,6
NGA,2003,28.0,9
NGA,2004,41.0,6
NGA,2005,19.0,9
NGA,2006,254.0,37
NGA,2007,82.0,61
NGA,2008,72.0,76
NGA,2009,316.0,42
NGA,2010,117.0,63
NGA,2011,447.0,175
NGA,2012,1506.0,615
NGA,2013,2015.0,347
NGA,2014,7781.0,713
NGA,2015,5567.0,641
NGA,2016,2174.0,535
NGA,2017,1809.0,488
NGA,2018,2577.0,648
NGA,2019,1718.0,507
NIC,1970,0.0,1
NIC,1974,0.0,1
NIC,1975,11.0,1
NIC,1977,26.0,5
NIC,1978,93.0,76
NIC,1979,187.0,206
NIC,1980,37.0,35
NIC,1981,172.0,47
NIC,1982,254.0,63
NIC,1983,3277.0,299
NIC,1984,3617.0,302
NIC,1985,1575.0,258
NIC,1986,395.0,171
NIC,1987,549.0,223
NIC,1988,208.0,62
NIC,1989,48.0,21
NIC,1990,23.0,15
NIC,1991,54.0,80
NIC,1992,22.0,30
NIC,1994,12.0,19
NIC,1995,6.0,18
NIC,1996,18.0,26
NIC,1997,7.0,7
NIC,1999,0.0,1
NIC,2000,2.0,1
NIC,2014,5.0,2
NIC,2018,9.0,7
NIC,2019,0.0,3
NLD,1970,1.0,3
NLD,1971,0.0,1
NLD,1972,0.0,1
NLD,1973,1.0,1
NLD,1974,1.0,2
NLD,1975,4.0,4
NLD,1976,0.0,3
NLD,1977,9.0,6
NLD,1978,1.0,3
NLD,1979,3.0,3
NLD,1980,0.0,1
NLD,1981,0.0,1
NLD,1982,0.0,2
NLD,1983,0.0,2
NLD,1984,0.0,1
NLD,1985,0.0,4
NLD,1986,0.0,14
NLD,1987,0.0,1
NLD,1988,4.0,4
NLD,1989,0.0,5
NLD,1990,2.0,6
NLD,1991,0.0,8
NLD,1992,0.0,12
NLD,1994,0.0,3
NLD,1995,1.0,7
NLD,1996,0.0,6
NLD,1997,0.0,1
NLD,1999,0.0,1
NLD,2000,0.0,1
NLD,2001,0.0,1
NLD,2002,1.0,2
NLD,2003,0.0,3
NLD,2004,1.0,1
NLD,2008,0.0,1
NLD,2009,7.0,1
NLD,2010,0.0,1
NLD,2011,0.0,2
NLD,2014,0.0,1
NLD,2015,0.0,3
NLD,2016,0.0,6
NLD,2017,0.0,1
NLD,2018,1.0,6
NLD,2019,4.0,4
NOR,1979,0.0,1
NOR,1981,0.0,1
NOR,1987,1.0,2
NOR,1991,0.0,2
NOR,1992,0.0,2
NOR,1994,0.0,2
NOR,1996,0.0,1
NOR,2001,1.0,1
NOR,2003,0.0,1
NOR,2006,0.0,1
NOR,2010,0.0,1
NOR,2011,77.0,3
NOR,2017,0.0,1
NOR,2019,1.0,3
NPL,1985,6.0,9
NPL,1991,0.0,1
NPL,1992,9.0,8
NPL,1994,4.0,3
NPL,1996,6.0,5
NPL,1997,15.0,9
NPL,1999,23.0,8
NPL,2000,91.0,23
NPL,2001,172.0,33
NPL,2002,486.0,58
NPL,2003,22.0,15
NPL,2004,630.0,62
NPL,2005,211.0,70
NPL,2006,133.0,83
NPL,2007,44.0,90
NPL,2008,50.0,120
NPL,2009,20.0,39
NPL,2010,10.0,38
NPL,2011,16.0,46
NPL,2012,9.0,46
NPL,2013,3.0,104
NPL,2014,0.0,7
NPL,2015,0.0,48
NPL,2016,5.0,43
NPL,2017,4.0,247
NPL,2018,0.0,99
NPL,2019,7.0,200
NZL,1973,0.0,1
NZL,1981,0.0,2
NZL,1984,1.0,1
NZL,1991,0.0,1
NZL,1994,0.0,1
NZL,1996,0.0,2
NZL,1997,0.0,1
NZL,2001,0.0,1
NZL,2003,0.0,3
NZL,2008,0.0,5
NZL,2014,0.0,1
NZL,2016,0.0,1
NZL,2019,51.0,2
PAK,1970,4.0,1
PAK,1974,0.0,2
PAK,1975,1.0,2
PAK,1976,1.0,3
PAK,1978,5.0,2
PAK,1979,6.0,7
PAK,1980,17.0,1
PAK,1981,4.0,4
PAK,1982,3.0,4
PAK,1983,10.0,9
PAK,1984,12.0,3
PAK,1985,0.0,2
PAK,1986,60.0,24
PAK,1987,183.0,60
PAK,1988,136.0,44
PAK,1989,56.0,45
PAK,1990,188.0,87
PAK,1991,231.0,150
PAK,1992,152.0,85
PAK,1994,354.0,154
PAK,1995,712.0,666
PAK,1996,423.0,180
PAK,1997,443.0,206
PAK,1998,151.0,37
PAK,1999,127.0,39
PAK,2000,118.0,49
PAK,2001,109.0,53
PAK,2002,105.0,46
PAK,2003,119.0,29
PAK,2004,304.0,67
PAK,2005,152.0,77
PAK,2006,315.0,164
PAK,2007,1406.0,260
PAK,2008,1184.0,568
PAK,2009,1487.0,667
PAK,2010,1701.0,713
PAK,2011,1676.0,1012
PAK,2012,2784.0,1654
PAK,2013,2875.0,2215
PAK,2014,2411.0,2149
PAK,2015,1608.0,1243
PAK,2016,1113.0,864
PAK,2017,1076.0,719
PAK,2018,697.0,480
PAK,2019,416.0,362
PAN,1972,0.0,1
PAN,1976,0.0,2
PAN,1979,1.0,4
PAN,1980,0.0,4
PAN,1981,1.0,4
PAN,1983,0.0,9
PAN,1984,0.0,2
PAN,1986,0.0,5
PAN,1987,1.0,4
PAN,1988,0.0,1
PAN,1989,0.0,2
PAN,1990,2.0,15
PAN,1991,2.0,16
PAN,1992,3.0,37
PAN,1994,21.0,3
PAN,1995,3.0,6
PAN,1996,0.0,2
PAN,1997,3.0,6
PAN,1999,0.0,1
PAN,2000,0.0,1
PAN,2009,1.0,1
PAN,2016,0.0,1
PER,1973,0.0,3
PER,1974,0.0,3
PER,1975,0.0,2
PER,1977,0.0,4
PER,1978,0.0,4
PER,1979,5.0,3
PER,1980,2.0,64
PER,1981,10.0,149
PER,1982,243.0,350
PER,1983,1818.0,536
PER,1984,2467.0,592
PER,1985,729.0,352
PER,1986,513.0,568
PER,1987,773.0,627
PER,1988,855.0,355
PER,1989,1502.0,630
PER,1990,1146.0,495
PER,1991,1412.0,658
PER,1992,818.0,383
PER,1994,81.0,91
PER,1995,103.0,44
PER,1996,74.0,42
PER,1997,47.0,58
PER,1998,7.0,5
PER,1999,28.0,5
PER,2000,4.0,3
PER,2001,16.0,3
PER,2002,9.0,2
PER,2003,7.0,1
PER,2004,6.0,3
PER,2005,7.0,2
PER,2006,7.0,1
PER,2007,18.0,4
PER,2008,0.0,1
PER,2009,19.0,4
PER,2012,12.0,9
PER,2013,6.0,13
PER,2014,4.0,12
PER,2015,6.0,10
PER,2016,11.0,4
PER,2017,8.0,8
PER,2018,4.0,5
PER,2019,1.0,1
PHL,1970,41.0,10
PHL,1971,0.0,4
PHL,1972,2.0,7
PHL,1974,3.0,1
PHL,1975,1.0,4
PHL,1976,47.0,10
PHL,1977,0.0,2
PHL,1978,128.0,36
PHL,1979,107.0,50
PHL,1980,163.0,60
PHL,1981,176.0,31
PHL,1982,139.0,38
PHL,1983,101.0,16
PHL,1984,262.0,43
PHL,1985,452.0,124
PHL,1986,322.0,80
PHL,1987,404.0,160
PHL,1988,550.0,210
PHL,1989,393.0,156
PHL,1990,457.0,320
PHL,1991,432.0,162
PHL,1992,395.0,162
PHL,1994,126.0,72
PHL,1995,201.0,63
PHL,1996,95.0,61
PHL,1997,98.0,57
PHL,1998,6.0,18
PHL,1999,45.0,31
PHL,2000,290.0,132
PHL,2001,154.0,50
PHL,2002,125.0,48
PHL,2003,288.0,107
PHL,2004,203.0,31
PHL,2005,49.0,25
PHL,2006,60.0,58
PHL,2007,115.0,65
PHL,2008,220.0,276
PHL,2009,151.0,229
PHL,2010,155.0,205
PHL,2011,127.0,151
PHL,2012,212.0,249
PHL,2013,432.0,651
PHL,2014,472.0,597
PHL,2015,447.0,721
PHL,2016,415.0,632
PHL,2017,500.0,695
PHL,2018,440.0,600
PHL,2019,398.0,466
PNG,1989,13.0,24
PNG,1990,12.0,18
PNG,1991,3.0,2
PNG,1992,7.0,10
PNG,1994,17.0,3
PNG,1995,6.0,10
PNG,1996,21.0,10
PNG,1997,0.0,2
PNG,2002,0.0,1
PNG,2007,0.0,1
PNG,2017,0.0,8
POL,1971,0.0,1
POL,1979,0.0,1
POL,1981,0.0,1
POL,1990,1.0,7
POL,1992,4.0,5
POL,1994,0.0,4
POL,1995,0.0,4
POL,1996,1.0,6
POL,1997,2.0,3
POL,1998,0.0,2
POL,2001,0.0,1
POL,2010,1.0,1
POL,2016,0.0,2
POL,2017,0.0,1
POL,2018,0.0,1
PRK,1994,3.0,1
PRT,1972,0.0,1
PRT,1973,0.0,1
PRT,1975,0.0,4
PRT,1976,3.0,15
PRT,1977,0.0,15
PRT,1978,0.0,4
PRT,1979,3.0,15
PRT,1980,3.0,8
PRT,1981,2.0,10
PRT,1982,3.0,3
PRT,1983,8.0,9
PRT,1984,3.0,14
PRT,1985,1.0,20
PRT,1986,1.0,11
PRT,1988,2.0,2
PRT,1989,1.0,1
PRT,1992,0.0,1
PRT,1994,2.0,1
PRT,1995,0.0,3
PRT,2011,0.0,2
PRY,1970,1.0,1
PRY,1976,1.0,1
PRY,1980,3.0,2
PRY,1984,1.0,2
PRY,1985,0.0,1
PRY,1987,0.0,1
PRY,1992,0.0,4
PRY,1994,1.0,2
PRY,1995,0.0,12
PRY,1997,1.0,6
PRY,1999,2.0,1
PRY,2000,0.0,2
PRY,2010,2.0,2
PRY,2011,0.0,4
PRY,2012,1.0,4
PRY,2013,12.0,10
PRY,2014,6.0,15
PRY,2015,14.0,19
PRY,2016,10.0,15
PRY,2017,4.0,10
PRY,2018,2.0,4
PSE,1972,1.0,1
PSE,1976,2.0,1
PSE,1978,6.0,4
PSE,1979,3.0,23
PSE,1980,31.0,58
PSE,1981,6.0,21
PSE,1982,10.0,56
PSE,1983,9.0,39
PSE,1984,5.0,31
PSE,1985,0.0,3
PSE,1986,4.0,14
PSE,1987,3.0,14
PSE,1988,11.0,21
PSE,1989,79.0,113
PSE,1990,74.0,105
PSE,1991,50.0,94
PSE,1992,103.0,139
PSE,1994,135.0,179
PSE,1995,44.0,68
PSE,1996,20.0,31
PSE,1997,9.0,23
PSE,1998,14.0,14
PSE,1999,1.0,11
PSE,2000,21.0,30
PSE,2001,103.0,131
PSE,2002,180.0,88
PSE,2003,66.0,49
PSE,2004,33.0,35
PSE,2005,24.0,53
PSE,2006,21.0,37
PSE,2007,119.0,92
PSE,2008,20.0,68
PSE,2009,7.0,10
PSE,2010,0.0,11
PSE,2011,15.0,20
PSE,2012,12.0,23
PSE,2013,12.0,64
PSE,2014,67.0,133
PSE,2015,117.0,245
PSE,2016,90.0,157
PSE,2017,50.0,84
PSE,2018,44.0,118
PSE,2019,27.0,97
PYF,1995,0.0,3
QAT,1982,1.0,1
QAT,1989,3.0,1
QAT,1996,0.0,1
QAT,2000,0.0,1
QAT,2001,1.0,1
QAT,2005,2.0,1
QAT,2015,0.0,1
ROU,1984,1.0,1
ROU,1985,2.0,1
ROU,1991,1.0,1
ROU,1992,0.0,1
ROU,1995,0.0,1
ROU,2008,0.0,1
RUS,1978,4.0,1
RUS,1989,6.0,7
RUS,1990,58.0,36
RUS,1991,28.0,34
RUS,1992,34.0,21
RUS,1994,34.0,47
RUS,1995,145.0,37
RUS,1996,135.0,66
RUS,1997,61.0,77
RUS,1998,49.0,26
RUS,1999,395.0,54
RUS,2000,362.0,138
RUS,2001,228.0,135
RUS,2002,512.0,89
RUS,2003,328.0,76
RUS,2004,583.0,43
RUS,2005,157.0,64
RUS,2006,57.0,56
RUS,2007,55.0,51
RUS,2008,95.0,170
RUS,2009,141.0,152
RUS,2010,231.0,251
RUS,2011,160.0,188
RUS,2012,161.0,151
RUS,2013,148.0,145
RUS,2014,67.0,48
RUS,2015,21.0,22
RUS,2016,64.0,56
RUS,2017,61.0,34
RUS,2018,23.0,23
RUS,2019,16.0,10
RWA,1991,0.0,3
RWA,1992,141.0,18
RWA,1994,1571.0,33
RWA,1995,201.0,17
RWA,1996,129.0,15
RWA,1997,1027.0,33
RWA,1998,100.0,9
RWA,2000,4.0,1
RWA,2001,2.0,2
RWA,2005,30.0,1
RWA,2008,0.0,1
RWA,2009,4.0,1
RWA,2010,6.0,8
RWA,2011,2.0,2
RWA,2012,10.0,6
RWA,2013,6.0,4
RWA,2014,1.0,2
RWA,2016,0.0,1
RWA,2017,2.0,2
RWA,2018,12.0,5
RWA,2019,22.0,3
SAU,1977,0.0,1
SAU,1979,5.0,1
SAU,1984,0.0,2
SAU,1985,1.0,2
SAU,1986,62.0,1
SAU,1988,0.0,1
SAU,1989,1.0,3
SAU,1991,0.0,2
SAU,1994,0.0,2
SAU,1995,14.0,3
SAU,1996,19.0,1
SAU,2000,1.0,5
SAU,2001,2.0,3
SAU,2002,1.0,2
SAU,2003,55.0,8
SAU,2004,64.0,17
SAU,2005,1.0,1
SAU,2006,4.0,3
SAU,2007,3.0,1
SAU,2009,5.0,3
SAU,2011,3.0,2
SAU,2012,4.0,6
SAU,2013,1.0,6
SAU,2014,20.0,14
SAU,2015,214.0,104
SAU,2016,165.0,134
SAU,2017,31.0,57
SAU,2018,17.0,94
SAU,2019,10.0,42
SDN,1973,3.0,1
SDN,1981,2.0,1
SDN,1982,0.0,3
SDN,1983,0.0,3
SDN,1984,305.0,5
SDN,1986,8.0,6
SDN,1987,0.0,1
SDN,1988,58.0,10
SDN,1989,14.0,8
SDN,1990,0.0,1
SDN,1991,32.0,3
SDN,1992,13.0,7
SDN,1994,17.0,5
SDN,1995,6.0,4
SDN,1996,40.0,10
SDN,1997,1.0,3
SDN,1999,16.0,5
SDN,2000,27.0,7
SDN,2001,13.0,9
SDN,2002,589.0,13
SDN,2004,28.0,5
SDN,2005,54.0,6
SDN,2006,484.0,24
SDN,2007,317.0,23
SDN,2008,205.0,32
SDN,2009,77.0,26
SDN,2010,81.0,28
SDN,2011,193.0,38
SDN,2012,60.0,40
SDN,2013,220.0,46
SDN,2014,546.0,157
SDN,2015,210.0,158
SDN,2016,182.0,173
SDN,2017,82.0,106
SDN,2018,42.0,42
SDN,2019,59.0,26
SEN,1980,0.0,1
SEN,1988,2.0,3
SEN,1990,20.0,11
SEN,1991,5.0,4
SEN,1992,64.0,15
SEN,1994,5.0,2
SEN,1995,18.0,8
SEN,1997,92.0,26
SEN,1998,4.0,1
SEN,1999,1.0,1
SEN,2000,4.0,4
SEN,2001,28.0,8
SEN,2002,8.0,3
SEN,2005,0.0,1
SEN,2007,1.0,1
SEN,2008,10.0,2
SEN,2009,9.0,3
SEN,2010,3.0,1
SEN,2011,21.0,4
SEN,2012,16.0,12
SEN,2013,7.0,3
SEN,2014,7.0,2
SEN,2015,0.0,2
SEN,2018,15.0,3
SEN,2019,3.0,1
SGP,1974,0.0,1
SGP,1985,0.0,1
SGP,1987,0.0,2
SGP,1991,4.0,1
SGP,1992,0.0,1
SGP,1994,1.0,1
SLB,1999,2.0,1
SLB,2000,0.0,1
SLB,2002,1.0,1
SLB,2003,1.0,1
SLE,1991,128.0,9
SLE,1992,21.0,4
SLE,1994,228.0,22
SLE,1995,40.0,14
SLE,1996,60.0,5
SLE,1997,16.0,3
SLE,1998,258.0,7
SLE,1999,28.0,9
SLE,2000,60.0,24
SLE,2016,1.0,1
SLE,2017,0.0,3
SLV,1972,0.0,2
SLV,1973,0.0,1
SLV,1974,0.0,3
SLV,1975,2.0,3
SLV,1976,3.0,13
SLV,1977,4.0,6
SLV,1978,33.0,91
SLV,1979,286.0,326
SLV,1980,2383.0,710
SLV,1981,1578.0,664
SLV,1982,1549.0,537
SLV,1983,1667.0,371
SLV,1984,1315.0,273
SLV,1985,1013.0,436
SLV,1986,293.0,175
SLV,1987,421.0,234
SLV,1988,361.0,367
SLV,1989,350.0,356
SLV,1990,294.0,184
SLV,1991,426.0,500
SLV,1992,23.0,29
SLV,1994,22.0,21
SLV,1995,3.0,9
SLV,1996,26.0,7
SLV,1997,1.0,2
SOM,1975,0.0,1
SOM,1980,1.0,1
SOM,1981,0.0,8
SOM,1983,0.0,1
SOM,1984,0.0,2
SOM,1987,0.0,1
SOM,1988,0.0,2
SOM,1989,30.0,2
SOM,1990,5.0,12
SOM,1991,6.0,8
SOM,1992,8.0,21
SOM,1994,78.0,57
SOM,1995,29.0,13
SOM,1996,28.0,16
SOM,1997,145.0,19
SOM,1998,0.0,1
SOM,1999,9.0,4
SOM,2000,36.0,9
SOM,2001,3.0,5
SOM,2002,6.0,3
SOM,2003,7.0,1
SOM,2004,2.0,1
SOM,2005,20.0,6
SOM,2006,22.0,10
SOM,2007,408.0,156
SOM,2008,436.0,172
SOM,2009,381.0,122
SOM,2010,295.0,130
SOM,2011,344.0,185
SOM,2012,783.0,325
SOM,2013,660.0,342
SOM,2014,1589.0,872
SOM,2015,1455.0,422
SOM,2016,1583.0,602
SOM,2017,1917.0,617
SOM,2018,1144.0,527
SOM,2019,860.0,361
SRB,2003,2.0,6
SRB,2004,1.0,1
SRB,2005,0.0,2
SRB,2006,0.0,2
SRB,2008,2.0,4
SRB,2009,0.0,3
SRB,2010,0.0,1
SRB,2012,1.0,3
SRB,2017,0.0,1
SRB,2018,0.0,2
SSD,2012,68.0,5
SSD,2013,226.0,13
SSD,2014,908.0,40
SSD,2015,218.0,54
SSD,2016,633.0,59
SSD,2017,581.0,54
SSD,2018,97.0,69
SSD,2019,67.0,13
SUR,1982,0.0,1
SUR,1983,0.0,1
SUR,1984,0.0,1
SUR,1986,2.0,8
SUR,1987,6.0,13
SUR,1988,6.0,9
SUR,1989,14.0,17
SUR,1990,0.0,7
SUR,1991,1.0,1
SUR,1992,0.0,5
SUR,1994,0.0,1
SUR,1997,0.0,2
SVK,1973,1.0,1
SVK,1974,0.0,1
SVK,1977,1.0,1
SVK,1980,0.0,1
SVK,1981,0.0,2
SVK,1983,2.0,1
SVK,1984,2.0,1
SVK,1989,0.0,3
SVK,1990,0.0,5
SVK,1991,6.0,11
SVK,1992,3.0,12
SVK,1994,0.0,2
SVK,1995,5.0,6
SVK,1996,10.0,21
SVK,1997,11.0,42
SVK,1998,58.0,48
SVK,1999,14.0,24
SVK,2000,5.0,15
SVK,2001,8.0,20
SVK,2002,0.0,3
SVK,2016,0.0,1
SVK,2018,2.0,1
SVN,1994,1.0,1
SVN,1996,0.0,3
SVN,1997,0.0,1
SVN,2000,0.0,1
SWE,1971,1.0,2
SWE,1972,0.0,3
SWE,1975,3.0,1
SWE,1978,0.0,1
SWE,1979,1.0,1
SWE,1983,1.0,1
SWE,1986,1.0,3
SWE,1989,0.0,3
SWE,1990,1.0,6
SWE,1991,1.0,6
SWE,1992,2.0,12
SWE,1994,0.0,1
SWE,1995,0.0,1
SWE,1996,0.0,1
SWE,1997,1.0,4
SWE,1999,0.0,2
SWE,2000,0.0,1
SWE,2005,0.0,3
SWE,2006,0.0,1
SWE,2008,0.0,1
SWE,2009,0.0,1
SWE,2010,1.0,3
SWE,2011,0.0,1
SWE,2012,0.0,2
SWE,2014,0.0,5
SWE,2015,4.0,35
SWE,2016,0.0,16
SWE,2017,5.0,18
SWE,2018,0.0,6
SWE,2019,0.0,2
SWZ,1982,0.0,1
SWZ,1984,1.0,1
SWZ,1986,0.0,1
SWZ,1987,4.0,1
SWZ,1989,0.0,1
SWZ,1991,0.0,1
SWZ,1992,0.0,1
SWZ,1995,0.0,1
SWZ,1997,0.0,1
SWZ,1998,1.0,1
SWZ,1999,0.0,1
SWZ,2003,0.0,1
SWZ,2006,0.0,1
SWZ,2008,0.0,3
SYC,1981,0.0,2
SYR,1974,1.0,4
SYR,1975,0.0,2
SYR,1976,5.0,2
SYR,1977,1.0,3
SYR,1978,0.0,1
SYR,1979,80.0,28
SYR,1980,89.0,33
SYR,1981,192.0,41
SYR,1982,98.0,20
SYR,1983,1.0,1
SYR,1984,0.0,1
SYR,1985,30.0,1
SYR,1986,8.0,4
SYR,1989,0.0,1
SYR,1996,15.0,2
SYR,1997,2.0,1
SYR,1998,0.0,1
SYR,2004,4.0,1
SYR,2006,5.0,1
SYR,2008,18.0,1
SYR,2011,163.0,49
SYR,2012,877.0,180
SYR,2013,1570.0,286
SYR,2014,3312.0,333
SYR,2015,3924.0,491
SYR,2016,2811.0,474
SYR,2017,2031.0,250
SYR,2018,1547.0,233
SYR,2019,1102.0,292
TCD,1974,0.0,1
TCD,1984,0.0,1
TCD,1985,0.0,1
TCD,1986,0.0,1
TCD,1991,40.0,2
TCD,1992,170.0,4
TCD,1994,1.0,1
TCD,1995,0.0,3
TCD,1996,1.0,1
TCD,1997,2.0,1
TCD,1998,0.0,1
TCD,1999,77.0,1
TCD,2002,21.0,4
TCD,2006,103.0,11
TCD,2007,136.0,7
TCD,2008,172.0,8
TCD,2009,0.0,3
TCD,2010,0.0,1
TCD,2014,6.0,1
TCD,2015,306.0,27
TCD,2016,22.0,5
TCD,2017,62.0,6
TCD,2018,112.0,12
TCD,2019,189.0,14
TGO,1985,1.0,3
TGO,1991,13.0,2
TGO,1992,12.0,27
TGO,1994,47.0,13
TGO,1995,0.0,1
TGO,1996,3.0,1
TGO,2005,0.0,1
THA,1972,0.0,1
THA,1974,2.0,1
THA,1977,1.0,3
THA,1978,29.0,5
THA,1979,62.0,16
THA,1980,75.0,26
THA,1981,21.0,18
THA,1982,1.0,3
THA,1983,0.0,1
THA,1984,0.0,1
THA,1985,0.0,1
THA,1986,0.0,3
THA,1988,10.0,5
THA,1989,35.0,16
THA,1990,22.0,10
THA,1991,11.0,8
THA,1992,39.0,25
THA,1994,17.0,24
THA,1995,19.0,12
THA,1996,10.0,19
THA,1997,18.0,20
THA,1998,4.0,4
THA,1999,0.0,4
THA,2000,7.0,4
THA,2001,11.0,14
THA,2002,16.0,12
THA,2003,6.0,6
THA,2004,32.0,44
THA,2005,130.0,155
THA,2006,194.0,202
THA,2007,264.0,293
THA,2008,166.0,200
THA,2009,270.0,298
THA,2010,154.0,253
THA,2011,152.0,182
THA,2012,209.0,280
THA,2013,255.0,472
THA,2014,192.0,423
THA,2015,116.0,278
THA,2016,120.0,329
THA,2017,72.0,179
THA,2018,69.0,182
THA,2019,72.0,130
TJK,1992,14.0,17
TJK,1994,48.0,31
TJK,1995,78.0,34
TJK,1996,50.0,22
TJK,1997,43.0,40
TJK,1998,29.0,11
TJK,1999,2.0,4
TJK,2000,11.0,6
TJK,2001,8.0,6
TJK,2005,0.0,1
TJK,2007,1.0,1
TJK,2009,0.0,1
TJK,2010,4.0,1
TJK,2012,3.0,5
TJK,2014,1.0,1
TJK,2015,12.0,3
TJK,2016,2.0,2
TJK,2017,1.0,2
TJK,2018,33.0,3
TJK,2019,49.0,2
TKM,2002,0.0,1
TKM,2014,3.0,1
TLS,2000,1.0,4
TLS,2003,5.0,2
TLS,2005,0.0,1
TLS,2007,1.0,2
TLS,2008,2.0,1
TTO,1976,0.0,1
TTO,1979,0.0,1
TTO,1981,0.0,1
TTO,1983,0.0,1
TTO,1989,0.0,1
TTO,1991,0.0,1
TTO,1992,0.0,1
TTO,1994,2.0,1
TTO,1995,4.0,4
TTO,1996,0.0,3
TTO,2005,0.0,2
TTO,2010,0.0,1
TTO,2013,0.0,3
TTO,2015,0.0,1
TTO,2018,0.0,1
TTO,2019,0.0,1
TUN,1979,0.0,1
TUN,1980,41.0,1
TUN,1986,0.0,2
TUN,1987,0.0,4
TUN,1991,4.0,2
TUN,1994,1.0,1
TUN,1995,7.0,1
TUN,2000,5.0,1
TUN,2001,3.0,1
TUN,2002,21.0,1
TUN,2007,14.0,1
TUN,2008,0.0,1
TUN,2011,4.0,3
TUN,2012,4.0,3
TUN,2013,25.0,29
TUN,2014,43.0,23
TUN,2015,107.0,19
TUN,2016,71.0,12
TUN,2017,5.0,4
TUN,2018,16.0,19
TUN,2019,9.0,16
TUR,1970,0.0,12
TUR,1971,1.0,35
TUR,1972,3.0,9
TUR,1974,0.0,1
TUR,1975,0.0,10
TUR,1976,7.0,35
TUR,1977,29.0,189
TUR,1978,40.0,52
TUR,1979,123.0,141
TUR,1980,111.0,95
TUR,1981,11.0,8
TUR,1982,9.0,5
TUR,1983,2.0,5
TUR,1984,27.0,19
TUR,1985,1.0,2
TUR,1986,26.0,7
TUR,1987,187.0,43
TUR,1988,102.0,42
TUR,1989,232.0,114
TUR,1990,512.0,195
TUR,1991,308.0,293
TUR,1992,1233.0,514
TUR,1994,982.0,300
TUR,1995,189.0,133
TUR,1996,117.0,54
TUR,1997,60.0,44
TUR,1998,37.0,23
TUR,1999,127.0,109
TUR,2000,12.0,35
TUR,2001,17.0,19
TUR,2002,0.0,5
TUR,2003,67.0,19
TUR,2004,25.0,27
TUR,2005,35.0,41
TUR,2006,46.0,43
TUR,2007,26.0,30
TUR,2008,42.0,32
TUR,2009,18.0,13
TUR,2010,13.0,20
TUR,2011,25.0,51
TUR,2012,248.0,189
TUR,2013,83.0,42
TUR,2014,40.0,95
TUR,2015,490.0,425
TUR,2016,1008.0,544
TUR,2017,222.0,181
TUR,2018,94.0,94
TUR,2019,99.0,70
TWN,1971,25.0,1
TWN,1976,0.0,1
TWN,1990,0.0,1
TWN,1991,7.0,2
TWN,1992,16.0,20
TWN,1994,1.0,5
TWN,1995,0.0,4
TWN,1996,9.0,5
TWN,1997,0.0,1
TWN,2001,2.0,2
TWN,2004,0.0,2
TWN,2008,0.0,1
TWN,2013,0.0,2
TWN,2014,0.0,1
TWN,2016,0.0,1
TWN,2017,0.0,1
TWN,2018,0.0,3
TWN,2019,0.0,1
TZA,1975,0.0,1
TZA,1979,1.0,1
TZA,1982,0.0,1
TZA,1994,1.0,1
TZA,1995,0.0,1
TZA,1997,1.0,1
TZA,1998,11.0,1
TZA,2000,0.0,2
TZA,2001,2.0,4
TZA,2002,24.0,2
TZA,2004,0.0,1
TZA,2008,0.0,1
TZA,2010,0.0,1
TZA,2013,8.0,7
TZA,2014,4.0,11
TZA,2015,10.0,14
TZA,2016,3.0,3
TZA,2017,8.0,6
TZA,2018,9.0,3
TZA,2019,6.0,1
UGA,1979,13.0,8
UGA,1981,57.0,25
UGA,1982,0.0,1
UGA,1983,121.0,6
UGA,1984,235.0,3
UGA,1985,32.0,7
UGA,1986,1.0,1
UGA,1987,1.0,1
UGA,1988,160.0,15
UGA,1989,72.0,15
UGA,1990,84.0,14
UGA,1991,2.0,2
UGA,1992,2.0,3
UGA,1994,22.0,13
UGA,1995,145.0,7
UGA,1996,413.0,29
UGA,1997,239.0,24
UGA,1998,81.0,18
UGA,1999,75.0,19
UGA,2000,297.0,20
UGA,2001,56.0,24
UGA,2002,173.0,24
UGA,2003,231.0,30
UGA,2004,193.0,10
UGA,2005,80.0,11
UGA,2007,2.0,1
UGA,2008,3.0,7
UGA,2009,11.0,2
UGA,2010,75.0,6
UGA,2012,5.0,4
UGA,2014,98.0,6
UGA,2015,4.0,10
UGA,2016,75.0,15
UGA,2017,7.0,13
UGA,2018,17.0,10
UGA,2019,2.0,4
UKR,1991,0.0,2
UKR,1992,1.0,1
UKR,1994,4.0,10
UKR,1995,0.0,2
UKR,1996,0.0,3
UKR,1997,2.0,2
UKR,1999,1.0,6
UKR,2000,0.0,1
UKR,2002,1.0,3
UKR,2003,0.0,1
UKR,2007,0.0,1
UKR,2008,0.0,1
UKR,2009,0.0,2
UKR,2010,1.0,4
UKR,2011,0.0,3
UKR,2012,1.0,8
UKR,2013,1.0,5
UKR,2014,1397.0,896
UKR,2015,766.0,638
UKR,2016,48.0,62
UKR,2017,40.0,62
UKR,2018,14.0,36
UKR,2019,18.0,31
URY,1970,3.0,33
URY,1971,1.0,8
URY,1972,0.0,7
URY,1984,0.0,4
URY,1985,0.0,2
URY,1986,0.0,2
URY,1989,1.0,1
URY,1990,0.0,1
URY,1991,0.0,3
URY,1992,0.0,11
URY,1994,0.0,4
URY,1995,0.0,1
URY,1996,0.0,1
URY,1997,0.0,2
URY,2005,0.0,1
URY,2016,1.0,1
USA,1970,33.0,468
USA,1971,20.0,247
USA,1972,10.0,68
USA,1973,45.0,58
USA,1974,16.0,94
USA,1975,24.0,149
USA,1976,4.0,105
USA,1977,5.0,130
USA,1978,8.0,87
USA,1979,18.0,69
USA,1980,15.0,67
USA,1981,8.0,74
USA,1982,10.0,77
USA,1983,8.0,44
USA,1984,3.0,63
USA,1985,3.0,40
USA,1986,1.0,49
USA,1987,1.0,34
USA,1988,1.0,27
USA,1989,3.0,42
USA,1990,5.0,32
USA,1991,2.0,30
USA,1992,2.0,32
USA,1994,10.0,55
USA,1995,178.0,60
USA,1996,2.0,35
USA,1997,2.0,42
USA,1998,4.0,31
USA,1999,20.0,54
USA,2000,8.0,42
USA,2001,3014.0,47
USA,2002,4.0,33
USA,2003,0.0,33
USA,2004,0.0,9
USA,2005,0.0,21
USA,2006,1.0,6
USA,2007,0.0,8
USA,2008,2.0,18
USA,2009,22.0,12
USA,2010,4.0,17
USA,2011,0.0,10
USA,2012,7.0,20
USA,2013,23.0,20
USA,2014,26.0,29
USA,2015,54.0,39
USA,2016,68.0,68
USA,2017,98.0,66
USA,2018,45.0,75
USA,2019,53.0,68
UZB,1992,0.0,2
UZB,1995,0.0,1
UZB,1999,19.0,8
UZB,2004,36.0,5
UZB,2005,10.0,2
UZB,2009,3.0,2
UZB,2015,0.0,1
VAT,1981,0.0,1
VEN,1970,0.0,2
VEN,1971,0.0,4
VEN,1972,0.0,1
VEN,1973,0.0,4
VEN,1974,0.0,3
VEN,1975,0.0,5
VEN,1976,0.0,4
VEN,1977,1.0,3
VEN,1978,1.0,7
VEN,1979,0.0,4
VEN,1980,3.0,8
VEN,1981,2.0,7
VEN,1982,30.0,2
VEN,1983,7.0,6
VEN,1984,2.0,4
VEN,1985,0.0,2
VEN,1986,13.0,8
VEN,1987,3.0,13
VEN,1988,41.0,10
VEN,1989,14.0,8
VEN,1990,0.0,1
VEN,1991,47.0,17
VEN,1992,7.0,32
VEN,1994,4.0,12
VEN,1995,8.0,11
VEN,1996,13.0,12
VEN,1997,3.0,41
VEN,1998,0.0,1
VEN,1999,0.0,5
VEN,2001,0.0,5
VEN,2002,0.0,5
VEN,2003,0.0,8
VEN,2007,1.0,2
VEN,2008,1.0,1
VEN,2009,10.0,3
VEN,2012,0.0,1
VEN,2013,0.0,1
VEN,2014,1.0,4
VEN,2015,1.0,3
VEN,2016,9.0,6
VEN,2017,5.0,17
VEN,2018,32.0,11
VEN,2019,2.0,9
VNM,1972,81.0,1
VNM,1992,0.0,1
VNM,1994,0.0,1
VNM,1995,0.0,1
VNM,1996,0.0,1
VNM,1997,1.0,2
VNM,2001,0.0,4
VNM,2017,0.0,2
VNM,2018,0.0,1
VUT,1980,0.0,1
VUT,1996,0.0,2
WLF,1994,0.0,1
XKX,1999,23.0,39
XKX,2000,23.0,60
XKX,2001,20.0,17
XKX,2002,1.0,5
XKX,2003,7.0,9
XKX,2004,0.0,1
XKX,2005,1.0,8
XKX,2006,0.0,6
XKX,2007,1.0,5
XKX,2008,0.0,11
XKX,2009,0.0,1
XKX,2010,1.0,1
XKX,2011,0.0,1
XKX,2012,3.0,4
XKX,2013,1.0,6
XKX,2014,2.0,4
XKX,2015,0.0,2
XKX,2016,0.0,8
XKX,2017,0.0,8
XKX,2018,1.0,2
YEM,1971,0.0,1
YEM,1974,0.0,1
YEM,1977,1.0,1
YEM,1978,1.0,2
YEM,1981,1.0,1
YEM,1983,0.0,1
YEM,1988,0.0,1
YEM,1991,1.0,5
YEM,1992,20.0,24
YEM,1994,14.0,19
YEM,1995,4.0,8
YEM,1996,3.0,8
YEM,1997,11.0,19
YEM,1998,8.0,7
YEM,1999,11.0,17
YEM,2000,19.0,10
YEM,2001,2.0,7
YEM,2002,4.0,7
YEM,2003,16.0,7
YEM,2005,12.0,7
YEM,2006,14.0,5
YEM,2007,24.0,7
YEM,2008,74.0,22
YEM,2009,47.0,23
YEM,2010,345.0,112
YEM,2011,461.0,118
YEM,2012,1056.0,312
YEM,2013,626.0,434
YEM,2014,1384.0,814
YEM,2015,2506.0,818
YEM,2016,1867.0,917
YEM,2017,1016.0,530
YEM,2018,1124.0,497
YEM,2019,1223.0,772
ZAF,1974,0.0,1
ZAF,1976,2.0,1
ZAF,1977,5.0,15
ZAF,1978,6.0,9
ZAF,1979,8.0,16
ZAF,1980,26.0,23
ZAF,1981,8.0,42
ZAF,1982,9.0,26
ZAF,1983,28.0,56
ZAF,1984,21.0,60
ZAF,1985,82.0,106
ZAF,1986,153.0,159
ZAF,1987,120.0,133
ZAF,1988,152.0,245
ZAF,1989,57.0,149
ZAF,1990,150.0,154
ZAF,1991,384.0,127
ZAF,1992,706.0,271
ZAF,1994,447.0,174
ZAF,1995,105.0,32
ZAF,1996,82.0,47
ZAF,1997,23.0,17
ZAF,1998,13.0,6
ZAF,1999,4.0,17
ZAF,2000,18.0,21
ZAF,2002,1.0,8
ZAF,2007,1.0,2
ZAF,2008,0.0,1
ZAF,2012,5.0,4
ZAF,2013,2.0,13
ZAF,2014,9.0,20
ZAF,2015,5.0,5
ZAF,2016,21.0,27
ZAF,2017,21.0,29
ZAF,2018,24.0,41
ZAF,2019,10.0,23
ZMB,1971,1.0,1
ZMB,1973,2.0,1
ZMB,1975,1.0,1
ZMB,1977,1.0,1
ZMB,1978,0.0,3
ZMB,1979,0.0,1
ZMB,1981,0.0,1
ZMB,1985,0.0,1
ZMB,1986,2.0,1
ZMB,1987,0.0,1
ZMB,1988,9.0,5
ZMB,1989,33.0,18
ZMB,1990,20.0,4
ZMB,1995,0.0,1
ZMB,1996,0.0,4
ZMB,1999,1.0,7
ZMB,2000,0.0,8
ZMB,2002,0.0,1
ZMB,2017,0.0,2
ZWE,1978,73.0,19
ZWE,1979,120.0,51
ZWE,1980,37.0,27
ZWE,1981,13.0,9
ZWE,1982,22.0,12
ZWE,1983,11.0,6
ZWE,1984,4.0,3
ZWE,1985,5.0,1
ZWE,1986,1.0,1
ZWE,1987,35.0,11
ZWE,1988,2.0,1
ZWE,1989,21.0,3
ZWE,1990,9.0,6
ZWE,1991,0.0,1
ZWE,1992,0.0,1
ZWE,1994,0.0,1
ZWE,1995,0.0,2
ZWE,2000,0.0,1
ZWE,2001,1.0,3
ZWE,2002,8.0,8
ZWE,2003,0.0,1
ZWE,2006,0.0,1
ZWE,2007,0.0,1
ZWE,2008,7.0,5
ZWE,2010,1.0,1
ZWE,2011,0.0,1
ZWE,2013,1.0,3
ZWE,2014,0.0,1
ZWE,2017,0.0,3
ZWE,2018,2.0,2
ZWE,2019,0.0,2
